# Día       	# Fase	# Símbolo	# Nombre
2026-01-18	27.671	🌑	Luna nueva
2026-01-26	 7.262	🌓	Cuarto creciente
2026-02-01	13.523	🌕	Luna llena
2026-02-09	20.939	🌗	Cuarto menguante
2026-02-17	27.959	🌑	Luna nueva
2026-02-24	 6.937	🌓	Cuarto creciente
2026-03-03	13.974	🌕	Luna llena
2026-03-11	21.048	🌗	Cuarto menguante
2026-03-19	 0.405	🌑	Luna nueva
2026-03-25	 6.646	🌓	Cuarto creciente
2026-04-02	14.292	🌕	Luna llena
2026-04-10	21.185	🌗	Cuarto menguante
2026-04-17	27.917	🌑	Luna nueva
2026-04-24	 7.308	🌓	Cuarto creciente
2026-05-01	13.732	🌕	Luna llena
2026-05-09	20.586	🌗	Cuarto menguante
2026-05-16	27.538	🌑	Luna nueva
2026-05-23	 6.952	🌓	Cuarto creciente
2026-05-31	14.044	🌕	Luna llena
2026-06-08	20.999	🌗	Cuarto menguante
2026-06-15	 0.330	🌑	Luna nueva
2026-06-21	 6.539	🌓	Cuarto creciente
2026-06-30	14.357	🌕	Luna llena
2026-07-07	20.616	🌗	Cuarto menguante
2026-07-14	 0.012	🌑	Luna nueva
2026-07-21	 6.959	🌓	Cuarto creciente
2026-07-29	13.832	🌕	Luna llena
2026-08-06	21.322	🌗	Cuarto menguante
2026-08-12	27.666	🌑	Luna nueva
2026-08-20	 7.259	🌓	Cuarto creciente
2026-08-28	14.218	🌕	Luna llena
2026-09-04	21.092	🌗	Cuarto menguante
2026-09-11	 0.269	🌑	Luna nueva
2026-09-18	 6.620	🌓	Cuarto creciente
2026-09-26	13.723	🌕	Luna llena
2026-10-03	20.854	🌗	Cuarto menguante
2026-10-10	27.772	🌑	Luna nueva
2026-10-18	 6.780	🌓	Cuarto creciente
2026-10-26	14.296	🌕	Luna llena
2026-11-01	20.602	🌗	Cuarto menguante
2026-11-09	 0.146	🌑	Luna nueva
2026-11-17	 6.971	🌓	Cuarto creciente
2026-11-24	13.823	🌕	Luna llena
2026-12-01	21.196	🌗	Cuarto menguante
2026-12-09	 0.359	🌑	Luna nueva
2026-12-17	 7.200	🌓	Cuarto creciente
2026-12-24	14.441	🌕	Luna llena
2026-12-30	20.686	🌗	Cuarto menguante
2027-01-07	27.670	🌑	Luna nueva
2027-01-15	 6.622	🌓	Cuarto creciente
2027-01-22	13.940	🌕	Luna llena
2027-01-29	21.002	🌗	Cuarto menguante
2027-02-06	27.824	🌑	Luna nueva
2027-02-14	 7.125	🌓	Cuarto creciente
2027-02-21	14.513	🌕	Luna llena
2027-02-28	21.206	🌗	Cuarto menguante
2027-03-08	 0.056	🌑	Luna nueva
2027-03-15	 6.771	🌓	Cuarto creciente
2027-03-22	14.011	🌕	Luna llena
2027-03-30	21.320	🌗	Cuarto menguante
2027-04-07	 0.407	🌑	Luna nueva
2027-04-14	 7.470	🌓	Cuarto creciente
2027-04-21	14.460	🌕	Luna llena
2027-04-28	20.638	🌗	Cuarto menguante
2027-05-06	27.958	🌑	Luna nueva
2027-05-13	 7.222	🌓	Cuarto creciente
2027-05-20	13.962	🌕	Luna llena
2027-05-28	20.857	🌗	Cuarto menguante
2027-06-04	27.569	🌑	Luna nueva
2027-06-11	 6.961	🌓	Cuarto creciente
2027-06-19	14.333	🌕	Luna llena
2027-06-27	21.191	🌗	Cuarto menguante
2027-07-04	 0.319	🌑	Luna nueva
2027-07-10	 6.650	🌓	Cuarto creciente
2027-07-18	13.797	🌕	Luna llena
2027-07-26	20.730	🌗	Cuarto menguante
2027-08-02	27.996	🌑	Luna nueva
2027-08-09	 7.196	🌓	Cuarto creciente
2027-08-17	14.089	🌕	Luna llena
2027-08-25	21.308	🌗	Cuarto menguante
2027-08-31	27.650	🌑	Luna nueva
2027-09-07	 6.683	🌓	Cuarto creciente
2027-09-16	14.401	🌕	Luna llena
2027-09-23	20.985	🌗	Cuarto menguante
2027-09-30	 0.323	🌑	Luna nueva
2027-10-07	 6.936	🌓	Cuarto creciente
2027-10-15	13.854	🌕	Luna llena
2027-10-22	20.683	🌗	Cuarto menguante
2027-10-29	27.850	🌑	Luna nueva
2027-11-06	 7.104	🌓	Cuarto creciente
2027-11-14	14.311	🌕	Luna llena
2027-11-21	21.431	🌗	Cuarto menguante
2027-11-28	 0.293	🌑	Luna nueva
2027-12-06	 7.199	🌓	Cuarto creciente
2027-12-13	13.777	🌕	Luna llena
2027-12-20	21.076	🌗	Cuarto menguante
2027-12-27	27.662	🌑	Luna nueva
2028-01-05	 7.343	🌓	Cuarto creciente
2028-01-12	14.314	🌕	Luna llena
2028-01-18	20.655	🌗	Cuarto menguante
2028-01-26	27.851	🌑	Luna nueva
2028-02-03	 6.689	🌓	Cuarto creciente
2028-02-10	13.812	🌕	Luna llena
2028-02-17	21.111	🌗	Cuarto menguante
2028-02-25	 0.013	🌑	Luna nueva
2028-03-04	 7.078	🌓	Cuarto creciente
2028-03-11	14.455	🌕	Luna llena
2028-03-18	21.429	🌗	Cuarto menguante
2028-03-26	 0.197	🌑	Luna nueva
2028-04-02	 6.620	🌓	Cuarto creciente
2028-04-09	13.980	🌕	Luna llena
2028-04-16	20.762	🌗	Cuarto menguante
2028-04-24	27.631	🌑	Luna nueva
2028-05-02	 7.321	🌓	Cuarto creciente
2028-05-08	13.581	🌕	Luna llena
2028-05-16	20.974	🌗	Cuarto menguante
2028-05-24	 0.069	🌑	Luna nueva
2028-05-31	 7.102	🌓	Cuarto creciente
2028-06-07	14.153	🌕	Luna llena
2028-06-15	21.196	🌗	Cuarto menguante
2028-06-22	27.644	🌑	Luna nueva
2028-06-29	 6.907	🌓	Cuarto creciente
2028-07-06	13.691	🌕	Luna llena
2028-07-14	20.604	🌗	Cuarto menguante
2028-07-22	 0.310	🌑	Luna nueva
2028-07-28	 6.678	🌓	Cuarto creciente
2028-08-05	14.066	🌕	Luna llena
2028-08-13	20.934	🌗	Cuarto menguante
2028-08-20	27.966	🌑	Luna nueva
2028-08-27	 7.335	🌓	Cuarto creciente
2028-09-04	14.360	🌕	Luna llena
2028-09-12	21.361	🌗	Cuarto menguante
2028-09-18	27.609	🌑	Luna nueva
2028-09-25	 6.878	🌓	Cuarto creciente
2028-10-03	13.772	🌕	Luna llena
2028-10-11	20.921	🌗	Cuarto menguante
2028-10-18	 0.321	🌑	Luna nueva
2028-10-25	 7.186	🌓	Cuarto creciente
2028-11-02	14.062	🌕	Luna llena
2028-11-09	20.567	🌗	Cuarto menguante
2028-11-16	27.899	🌑	Luna nueva
2028-11-24	 7.380	🌓	Cuarto creciente
2028-12-02	14.360	🌕	Luna llena
2028-12-09	21.228	🌗	Cuarto menguante
2028-12-16	 0.362	🌑	Luna nueva
2028-12-23	 6.622	🌓	Cuarto creciente
2028-12-31	13.763	🌕	Luna llena
2029-01-07	20.896	🌗	Cuarto menguante
2029-01-14	27.753	🌑	Luna nueva
2029-01-22	 6.702	🌓	Cuarto creciente
2029-01-30	14.215	🌕	Luna llena
2029-02-05	20.543	🌗	Cuarto menguante
2029-02-13	 0.017	🌑	Luna nueva
2029-02-21	 6.848	🌓	Cuarto creciente
2029-02-28	13.718	🌕	Luna llena
2029-03-07	21.126	🌗	Cuarto menguante
2029-03-15	 0.236	🌑	Luna nueva
2029-03-23	 7.131	🌓	Cuarto creciente
2029-03-30	14.352	🌕	Luna llena
2029-04-05	20.615	🌗	Cuarto menguante
2029-04-13	27.588	🌑	Luna nueva
2029-04-21	 6.609	🌓	Cuarto creciente
2029-04-28	13.971	🌕	Luna llena
2029-05-05	21.007	🌗	Cuarto menguante
2029-05-13	27.866	🌑	Luna nueva
2029-05-21	 7.239	🌓	Cuarto creciente
2029-05-27	13.615	🌕	Luna llena
2029-06-04	21.313	🌗	Cuarto menguante
2029-06-12	 0.232	🌑	Luna nueva
2029-06-19	 7.004	🌓	Cuarto creciente
2029-06-26	14.278	🌕	Luna llena
2029-07-03	20.717	🌗	Cuarto menguante
2029-07-11	27.767	🌑	Luna nueva
2029-07-18	 6.817	🌓	Cuarto creciente
2029-07-25	13.856	🌕	Luna llena
2029-08-02	20.955	🌗	Cuarto menguante
2029-08-10	 0.343	🌑	Luna nueva
2029-08-16	 6.620	🌓	Cuarto creciente
2029-08-24	14.306	🌕	Luna llena
2029-09-01	21.196	🌗	Cuarto menguante
2029-09-08	27.967	🌑	Luna nueva
2029-09-15	 7.349	🌓	Cuarto creciente
2029-09-22	13.765	🌕	Luna llena
2029-09-30	20.595	🌗	Cuarto menguante
2029-10-07	27.573	🌑	Luna nueva
2029-10-14	 6.954	🌓	Cuarto creciente
2029-10-22	14.019	🌕	Luna llena
2029-10-30	20.979	🌗	Cuarto menguante
2029-11-06	 0.305	🌑	Luna nueva
2029-11-13	 7.394	🌓	Cuarto creciente
2029-11-21	14.245	🌕	Luna llena
2029-11-29	21.459	🌗	Cuarto menguante
2029-12-05	27.825	🌑	Luna nueva
2029-12-12	 6.749	🌓	Cuarto creciente
2029-12-20	13.571	🌕	Luna llena
2029-12-28	21.049	🌗	Cuarto menguante
2030-01-04	 0.351	🌑	Luna nueva
2030-01-11	 6.890	🌓	Cuarto creciente
2030-01-19	13.810	🌕	Luna llena
2030-01-26	20.692	🌗	Cuarto menguante
2030-02-02	27.790	🌑	Luna nueva
2030-02-10	 6.971	🌓	Cuarto creciente
2030-02-18	14.194	🌕	Luna llena
2030-02-25	21.381	🌗	Cuarto menguante
2030-03-04	 0.169	🌑	Luna nueva
2030-03-12	 7.078	🌓	Cuarto creciente
2030-03-19	13.695	🌕	Luna llena
2030-03-26	21.047	🌗	Cuarto menguante
2030-04-03	 0.435	🌑	Luna nueva
2030-04-11	 7.260	🌓	Cuarto creciente
2030-04-18	14.305	🌕	Luna llena
2030-04-24	20.648	🌗	Cuarto menguante
2030-05-02	27.851	🌑	Luna nueva
2030-05-10	 6.723	🌓	Cuarto creciente
2030-05-17	13.939	🌕	Luna llena
2030-05-24	21.196	🌗	Cuarto menguante
2030-06-01	 0.128	🌑	Luna nueva
2030-06-09	 7.259	🌓	Cuarto creciente
2030-06-15	13.602	🌕	Luna llena
2030-06-22	20.724	🌗	Cuarto menguante
2030-06-30	27.584	🌑	Luna nueva
2030-07-08	 6.957	🌓	Cuarto creciente
2030-07-15	14.345	🌕	Luna llena
2030-07-22	21.067	🌗	Cuarto menguante
2030-07-30	27.955	🌑	Luna nueva
2030-08-06	 6.715	🌓	Cuarto creciente
2030-08-13	13.968	🌕	Luna llena
2030-08-21	21.307	🌗	Cuarto menguante
2030-08-29	 0.439	🌑	Luna nueva
2030-09-04	 6.492	🌓	Cuarto creciente
2030-09-11	13.546	🌕	Luna llena
2030-09-19	20.650	🌗	Cuarto menguante
2030-09-27	 0.003	🌑	Luna nueva
2030-10-04	 7.255	🌓	Cuarto creciente
2030-10-11	13.970	🌕	Luna llena
2030-10-19	20.826	🌗	Cuarto menguante
2030-10-26	27.543	🌑	Luna nueva
2030-11-02	 6.961	🌓	Cuarto creciente
2030-11-10	14.267	🌕	Luna llena
2030-11-18	21.092	🌗	Cuarto menguante
2030-11-25	 0.193	🌑	Luna nueva
2030-12-01	 6.521	🌓	Cuarto creciente
2030-12-09	13.591	🌕	Luna llena
2030-12-18	21.433	🌗	Cuarto menguante
2030-12-24	27.698	🌑	Luna nueva
2030-12-31	 6.901	🌓	Cuarto creciente
2031-01-08	13.737	🌕	Luna llena
2031-01-16	20.927	🌗	Cuarto menguante
2031-01-23	 0.293	🌑	Luna nueva
2031-01-30	 7.118	🌓	Cuarto creciente
2031-02-07	13.934	🌕	Luna llena
2031-02-14	20.508	🌗	Cuarto menguante
2031-02-21	27.791	🌑	Luna nueva
2031-03-01	 7.244	🌓	Cuarto creciente
2031-03-09	14.255	🌕	Luna llena
2031-03-16	21.187	🌗	Cuarto menguante
2031-03-23	 0.291	🌑	Luna nueva
2031-03-31	 7.333	🌓	Cuarto creciente
2031-04-07	13.695	🌕	Luna llena
2031-04-14	20.873	🌗	Cuarto menguante
2031-04-21	27.734	🌑	Luna nueva
2031-04-29	 6.666	🌓	Cuarto creciente
2031-05-07	14.278	🌕	Luna llena
2031-05-13	20.615	🌗	Cuarto menguante
2031-05-21	 0.098	🌑	Luna nueva
2031-05-29	 6.950	🌓	Cuarto creciente
2031-06-05	13.910	🌕	Luna llena
2031-06-12	21.310	🌗	Cuarto menguante
2031-06-20	 0.409	🌑	Luna nueva
2031-06-28	 7.376	🌓	Cuarto creciente
2031-07-04	13.581	🌕	Luna llena
2031-07-11	20.928	🌗	Cuarto menguante
2031-07-19	27.870	🌑	Luna nueva
2031-07-27	 6.976	🌓	Cuarto creciente
2031-08-03	14.379	🌕	Luna llena
2031-08-10	21.355	🌗	Cuarto menguante
2031-08-18	 0.198	🌑	Luna nueva
2031-08-25	 6.643	🌓	Cuarto creciente
2031-09-01	14.029	🌕	Luna llena
2031-09-08	20.775	🌗	Cuarto menguante
2031-09-16	27.669	🌑	Luna nueva
2031-09-24	 7.368	🌓	Cuarto creciente
2031-09-30	13.620	🌕	Luna llena
2031-10-08	20.970	🌗	Cuarto menguante
2031-10-16	 0.066	🌑	Luna nueva
