# Dia       	# Fase	# Símbolo	# Nome
2026-01-18	27.708	🌑	Lua nova
2026-01-26	 7.305	🌓	Quarto crescente
2026-02-01	13.566	🌕	Lua cheia
2026-02-09	20.974	🌗	Quarto minguante
2026-02-17	27.999	🌑	Lua nova
2026-02-24	 6.980	🌓	Quarto crescente
2026-03-03	14.014	🌕	Lua cheia
2026-03-11	21.083	🌗	Quarto minguante
2026-03-19	 0.448	🌑	Lua nova
2026-03-25	 6.689	🌓	Quarto crescente
2026-04-02	14.330	🌕	Lua cheia
2026-04-10	21.221	🌗	Quarto minguante
2026-04-17	27.961	🌑	Lua nova
2026-04-24	 7.349	🌓	Quarto crescente
2026-05-01	13.768	🌕	Lua cheia
2026-05-09	20.623	🌗	Quarto minguante
2026-05-16	27.584	🌑	Lua nova
2026-05-23	 6.992	🌓	Quarto crescente
2026-05-31	14.079	🌕	Lua cheia
2026-06-08	21.038	🌗	Quarto minguante
2026-06-15	 0.376	🌑	Lua nova
2026-06-21	 6.578	🌓	Quarto crescente
2026-06-30	14.393	🌕	Lua cheia
2026-07-07	20.656	🌗	Quarto minguante
2026-07-14	 0.058	🌑	Lua nova
2026-07-21	 6.996	🌓	Quarto crescente
2026-07-29	13.869	🌕	Lua cheia
2026-08-06	21.365	🌗	Quarto minguante
2026-08-12	27.710	🌑	Lua nova
2026-08-20	 7.294	🌓	Quarto crescente
2026-08-28	14.256	🌕	Lua cheia
2026-09-04	21.134	🌗	Quarto minguante
2026-09-11	 0.310	🌑	Lua nova
2026-09-18	 6.656	🌓	Quarto crescente
2026-09-26	13.763	🌕	Lua cheia
2026-10-03	20.896	🌗	Quarto minguante
2026-10-10	27.811	🌑	Lua nova
2026-10-18	 6.816	🌓	Quarto crescente
2026-10-26	14.339	🌕	Lua cheia
2026-11-01	20.644	🌗	Quarto minguante
2026-11-09	 0.183	🌑	Lua nova
2026-11-17	 7.007	🌓	Quarto crescente
2026-11-24	13.868	🌕	Lua cheia
2026-12-01	21.236	🌗	Quarto minguante
2026-12-09	 0.394	🌑	Lua nova
2026-12-17	 7.239	🌓	Quarto crescente
2026-12-24	14.488	🌕	Lua cheia
2026-12-30	20.726	🌗	Quarto minguante
2027-01-07	27.705	🌑	Lua nova
2027-01-15	 6.661	🌓	Quarto crescente
2027-01-22	13.986	🌕	Lua cheia
2027-01-29	21.040	🌗	Quarto minguante
2027-02-06	27.860	🌑	Lua nova
2027-02-14	 7.166	🌓	Quarto crescente
2027-02-20	13.492	🌕	Lua cheia
2027-02-28	21.242	🌗	Quarto minguante
2027-03-08	 0.094	🌑	Lua nova
2027-03-15	 6.813	🌓	Quarto crescente
2027-03-22	14.053	🌕	Lua cheia
2027-03-30	21.355	🌗	Quarto minguante
2027-04-07	 0.447	🌑	Lua nova
2027-04-13	 6.491	🌓	Quarto crescente
2027-04-20	13.539	🌕	Lua cheia
2027-04-28	20.673	🌗	Quarto minguante
2027-05-06	 0.001	🌑	Lua nova
2027-05-13	 7.264	🌓	Quarto crescente
2027-05-20	14.000	🌕	Lua cheia
2027-05-28	20.893	🌗	Quarto minguante
2027-06-04	27.614	🌑	Lua nova
2027-06-11	 7.002	🌓	Quarto crescente
2027-06-19	14.369	🌕	Lua cheia
2027-06-27	21.229	🌗	Quarto minguante
2027-07-04	 0.365	🌑	Lua nova
2027-07-10	 6.691	🌓	Quarto crescente
2027-07-18	13.832	🌕	Lua cheia
2027-07-26	20.769	🌗	Quarto minguante
2027-08-02	 0.042	🌑	Lua nova
2027-08-09	 7.234	🌓	Quarto crescente
2027-08-17	14.124	🌕	Lua cheia
2027-08-25	21.349	🌗	Quarto minguante
2027-08-31	27.696	🌑	Lua nova
2027-09-07	 6.721	🌓	Quarto crescente
2027-09-16	14.438	🌕	Lua cheia
2027-09-23	21.027	🌗	Quarto minguante
2027-09-30	 0.366	🌑	Lua nova
2027-10-07	 6.972	🌓	Quarto crescente
2027-10-15	13.892	🌕	Lua cheia
2027-10-22	20.725	🌗	Quarto minguante
2027-10-29	27.891	🌑	Lua nova
2027-11-06	 7.139	🌓	Quarto crescente
2027-11-14	14.352	🌕	Lua cheia
2027-11-21	21.473	🌗	Quarto minguante
2027-11-28	 0.332	🌑	Lua nova
2027-12-06	 7.235	🌓	Quarto crescente
2027-12-13	13.820	🌕	Lua cheia
2027-12-20	21.117	🌗	Quarto minguante
2027-12-27	27.699	🌑	Lua nova
2028-01-05	 7.380	🌓	Quarto crescente
2028-01-12	14.359	🌕	Lua cheia
2028-01-18	20.696	🌗	Quarto minguante
2028-01-26	27.887	🌑	Lua nova
2028-02-03	 6.727	🌓	Quarto crescente
2028-02-10	13.858	🌕	Lua cheia
2028-02-17	21.150	🌗	Quarto minguante
2028-02-25	 0.048	🌑	Lua nova
2028-03-04	 7.118	🌓	Quarto crescente
2028-03-11	14.501	🌕	Lua cheia
2028-03-17	20.573	🌗	Quarto minguante
2028-03-26	 0.234	🌑	Lua nova
2028-04-02	 6.660	🌓	Quarto crescente
2028-04-09	14.025	🌕	Lua cheia
2028-04-16	20.798	🌗	Quarto minguante
2028-04-24	27.669	🌑	Lua nova
2028-05-02	 7.363	🌓	Quarto crescente
2028-05-08	13.624	🌕	Lua cheia
2028-05-16	21.010	🌗	Quarto minguante
2028-05-24	 0.109	🌑	Lua nova
2028-05-31	 7.145	🌓	Quarto crescente
2028-06-07	14.193	🌕	Lua cheia
2028-06-15	21.232	🌗	Quarto minguante
2028-06-22	27.686	🌑	Lua nova
2028-06-29	 6.949	🌓	Quarto crescente
2028-07-06	13.729	🌕	Lua cheia
2028-07-14	20.640	🌗	Quarto minguante
2028-07-22	 0.354	🌑	Lua nova
2028-07-28	 6.720	🌓	Quarto crescente
2028-08-05	14.102	🌕	Lua cheia
2028-08-13	20.971	🌗	Quarto minguante
2028-08-20	 0.012	🌑	Lua nova
2028-08-27	 7.374	🌓	Quarto crescente
2028-09-04	14.395	🌕	Lua cheia
2028-09-12	21.400	🌗	Quarto minguante
2028-09-18	27.656	🌑	Lua nova
2028-09-25	 6.917	🌓	Quarto crescente
2028-10-03	13.807	🌕	Lua cheia
2028-10-11	20.961	🌗	Quarto minguante
2028-10-18	 0.367	🌑	Lua nova
2028-10-25	 7.222	🌓	Quarto crescente
2028-11-02	14.099	🌕	Lua cheia
2028-11-09	20.608	🌗	Quarto minguante
2028-11-16	27.943	🌑	Lua nova
2028-11-24	 7.415	🌓	Quarto crescente
2028-12-02	14.399	🌕	Lua cheia
2028-12-09	21.270	🌗	Quarto minguante
2028-12-16	 0.402	🌑	Lua nova
2028-12-23	 6.657	🌓	Quarto crescente
2028-12-31	13.803	🌕	Lua cheia
2029-01-07	20.938	🌗	Quarto minguante
2029-01-14	27.792	🌑	Lua nova
2029-01-22	 6.737	🌓	Quarto crescente
2029-01-30	14.259	🌕	Lua cheia
2029-02-05	20.585	🌗	Quarto minguante
2029-02-13	 0.053	🌑	Lua nova
2029-02-21	 6.884	🌓	Quarto crescente
2029-02-28	13.764	🌕	Lua cheia
2029-03-07	21.166	🌗	Quarto minguante
2029-03-15	 0.271	🌑	Lua nova
2029-03-23	 7.170	🌓	Quarto crescente
2029-03-30	14.399	🌕	Lua cheia
2029-04-05	20.655	🌗	Quarto minguante
2029-04-13	27.623	🌑	Lua nova
2029-04-21	 6.648	🌓	Quarto crescente
2029-04-28	14.017	🌕	Lua cheia
2029-05-05	21.044	🌗	Quarto minguante
2029-05-13	27.902	🌑	Lua nova
2029-05-21	 7.281	🌓	Quarto crescente
2029-05-27	13.660	🌕	Lua cheia
2029-06-04	21.349	🌗	Quarto minguante
2029-06-12	 0.270	🌑	Lua nova
2029-06-19	 7.047	🌓	Quarto crescente
2029-06-26	14.320	🌕	Lua cheia
2029-07-03	20.752	🌗	Quarto minguante
2029-07-11	27.807	🌑	Lua nova
2029-07-18	 6.860	🌓	Quarto crescente
2029-07-25	13.896	🌕	Lua cheia
2029-08-02	20.991	🌗	Quarto minguante
2029-08-10	 0.386	🌑	Lua nova
2029-08-16	 6.662	🌓	Quarto crescente
2029-08-24	14.343	🌕	Lua cheia
2029-09-01	21.232	🌗	Quarto minguante
2029-09-08	 0.011	🌑	Lua nova
2029-09-15	 7.390	🌓	Quarto crescente
2029-09-22	13.801	🌕	Lua cheia
2029-09-30	20.631	🌗	Quarto minguante
2029-10-07	27.619	🌑	Lua nova
2029-10-14	 6.994	🌓	Quarto crescente
2029-10-22	14.054	🌕	Lua cheia
2029-10-30	21.018	🌗	Quarto minguante
2029-11-06	 0.351	🌑	Lua nova
2029-11-13	 7.432	🌓	Quarto crescente
2029-11-21	14.281	🌕	Lua cheia
2029-11-28	20.523	🌗	Quarto minguante
2029-12-05	27.870	🌑	Lua nova
2029-12-12	 6.786	🌓	Quarto crescente
2029-12-20	13.607	🌕	Lua cheia
2029-12-28	21.091	🌗	Quarto minguante
2030-01-04	 0.394	🌑	Lua nova
2030-01-11	 6.925	🌓	Quarto crescente
2030-01-19	13.848	🌕	Lua cheia
2030-01-26	20.735	🌗	Quarto minguante
2030-02-02	27.831	🌑	Lua nova
2030-02-10	 7.006	🌓	Quarto crescente
2030-02-18	14.236	🌕	Lua cheia
2030-02-25	21.423	🌗	Quarto minguante
2030-03-04	 0.208	🌑	Lua nova
2030-03-12	 7.114	🌓	Quarto crescente
2030-03-19	13.739	🌕	Lua cheia
2030-03-26	21.089	🌗	Quarto minguante
2030-04-02	27.595	🌑	Lua nova
2030-04-11	 7.298	🌓	Quarto crescente
2030-04-18	14.350	🌕	Lua cheia
2030-04-24	20.689	🌗	Quarto minguante
2030-05-02	27.886	🌑	Lua nova
2030-05-10	 6.761	🌓	Quarto crescente
2030-05-17	13.985	🌕	Lua cheia
2030-05-24	21.235	🌗	Quarto minguante
2030-06-01	 0.163	🌑	Lua nova
2030-06-09	 7.300	🌓	Quarto crescente
2030-06-15	13.648	🌕	Lua cheia
2030-06-22	20.761	🌗	Quarto minguante
2030-06-30	27.620	🌑	Lua nova
2030-07-08	 6.998	🌓	Quarto crescente
2030-07-15	14.389	🌕	Lua cheia
2030-07-22	21.103	🌗	Quarto minguante
2030-07-30	27.993	🌑	Lua nova
2030-08-06	 6.758	🌓	Quarto crescente
2030-08-13	14.011	🌕	Lua cheia
2030-08-21	21.342	🌗	Quarto minguante
2030-08-29	 0.479	🌑	Lua nova
2030-09-04	 6.534	🌓	Quarto crescente
2030-09-11	13.586	🌕	Lua cheia
2030-09-19	20.685	🌗	Quarto minguante
2030-09-27	 0.046	🌑	Lua nova
2030-10-04	 7.297	🌓	Quarto crescente
2030-10-11	14.008	🌕	Lua cheia
2030-10-19	20.861	🌗	Quarto minguante
2030-10-26	27.587	🌑	Lua nova
2030-11-02	 7.002	🌓	Quarto crescente
2030-11-10	14.302	🌕	Lua cheia
2030-11-18	21.130	🌗	Quarto minguante
2030-11-25	 0.239	🌑	Lua nova
2030-12-01	 6.561	🌓	Quarto crescente
2030-12-09	13.626	🌕	Lua cheia
2030-12-18	21.472	🌗	Quarto minguante
2030-12-24	27.744	🌑	Lua nova
2030-12-31	 6.939	🌓	Quarto crescente
2031-01-08	13.772	🌕	Lua cheia
2031-01-16	20.968	🌗	Quarto minguante
2031-01-23	 0.338	🌑	Lua nova
2031-01-30	 7.154	🌓	Quarto crescente
2031-02-07	13.971	🌕	Lua cheia
2031-02-14	20.549	🌗	Quarto minguante
2031-02-21	27.834	🌑	Lua nova
2031-03-01	 7.280	🌓	Quarto crescente
2031-03-09	14.295	🌕	Lua cheia
2031-03-16	21.229	🌗	Quarto minguante
2031-03-23	 0.331	🌑	Lua nova
2031-03-31	 7.368	🌓	Quarto crescente
2031-04-07	13.736	🌕	Lua cheia
2031-04-14	20.916	🌗	Quarto minguante
2031-04-21	27.772	🌑	Lua nova
2031-04-29	 6.702	🌓	Quarto crescente
2031-05-07	14.322	🌕	Lua cheia
2031-05-13	20.657	🌗	Quarto minguante
2031-05-21	 0.134	🌑	Lua nova
2031-05-29	 6.988	🌓	Quarto crescente
2031-06-05	13.955	🌕	Lua cheia
2031-06-12	21.350	🌗	Quarto minguante
2031-06-19	27.596	🌑	Lua nova
2031-06-28	 7.415	🌓	Quarto crescente
2031-07-04	13.627	🌕	Lua cheia
2031-07-11	20.967	🌗	Quarto minguante
2031-07-19	27.905	🌑	Lua nova
2031-07-27	 7.017	🌓	Quarto crescente
2031-08-03	14.425	🌕	Lua cheia
2031-08-10	21.392	🌗	Quarto minguante
2031-08-18	 0.234	🌑	Lua nova
2031-08-25	 6.684	🌓	Quarto crescente
2031-09-01	14.074	🌕	Lua cheia
2031-09-08	20.811	🌗	Quarto minguante
2031-09-16	27.706	🌑	Lua nova
2031-09-24	 7.411	🌓	Quarto crescente
2031-09-30	13.663	🌕	Lua cheia
2031-10-08	21.005	🌗	Quarto minguante
2031-10-16	 0.106	🌑	Lua nova
