# Dia       	# Fase	# Símbol	# Nom
2026-01-13	23.375	🌘	Lluna minvant
2026-01-14	24.217	🌘	Lluna minvant
2026-01-15	25.065	🌘	Lluna minvant
2026-01-16	25.922	🌘	Lluna minvant
2026-01-17	26.790	🌘	Lluna minvant
2026-01-18	27.671	🌑	Lluna nova
2026-01-19	 0.566	🌒	Lluna nova visible
2026-01-20	 1.475	🌒	Lluna nova visible
2026-01-21	 2.399	🌒	Lluna nova visible
2026-01-22	 3.338	🌒	Lluna nova visible
2026-01-23	 4.293	🌒	Lluna nova visible
2026-01-24	 5.265	🌒	Lluna nova visible
2026-01-25	 6.254	🌒	Lluna nova visible
2026-01-26	 7.262	🌓	Cuart creixent
2026-01-27	 8.288	🌔	Lluna gibosa creixent
2026-01-28	 9.328	🌔	Lluna gibosa creixent
2026-01-29	10.379	🌔	Lluna gibosa creixent
2026-01-30	11.434	🌔	Lluna gibosa creixent
2026-01-31	12.485	🌔	Lluna gibosa creixent
2026-02-01	13.523	🌕	Lluna plena
2026-02-02	14.542	🌖	Lluna gibosa minvant
2026-02-03	15.534	🌖	Lluna gibosa minvant
2026-02-04	16.498	🌖	Lluna gibosa minvant
2026-02-05	17.432	🌖	Lluna gibosa minvant
2026-02-06	18.339	🌖	Lluna gibosa minvant
2026-02-07	19.222	🌖	Lluna gibosa minvant
2026-02-08	20.087	🌖	Lluna gibosa minvant
2026-02-09	20.939	🌗	Cuarto minvant
2026-02-10	21.784	🌘	Lluna minvant
2026-02-11	22.629	🌘	Lluna minvant
2026-02-12	23.480	🌘	Lluna minvant
2026-02-13	24.341	🌘	Lluna minvant
2026-02-14	25.217	🌘	Lluna minvant
2026-02-15	26.111	🌘	Lluna minvant
2026-02-16	27.025	🌘	Lluna minvant
2026-02-17	27.959	🌑	Lluna nova
2026-02-18	 0.914	🌒	Lluna nova visible
2026-02-19	 1.887	🌒	Lluna nova visible
2026-02-20	 2.876	🌒	Lluna nova visible
2026-02-21	 3.879	🌒	Lluna nova visible
2026-02-22	 4.892	🌒	Lluna nova visible
2026-02-23	 5.912	🌒	Lluna nova visible
2026-02-24	 6.937	🌓	Cuart creixent
2026-02-25	 7.964	🌔	Lluna gibosa creixent
2026-02-26	 8.989	🌔	Lluna gibosa creixent
2026-02-27	10.010	🌔	Lluna gibosa creixent
2026-02-28	11.022	🌔	Lluna gibosa creixent
2026-03-01	12.023	🌔	Lluna gibosa creixent
2026-03-02	13.008	🌔	Lluna gibosa creixent
2026-03-03	13.974	🌕	Lluna plena
2026-03-04	14.920	🌖	Lluna gibosa minvant
2026-03-05	15.845	🌖	Lluna gibosa minvant
2026-03-06	16.748	🌖	Lluna gibosa minvant
2026-03-07	17.631	🌖	Lluna gibosa minvant
2026-03-08	18.498	🌖	Lluna gibosa minvant
2026-03-09	19.353	🌖	Lluna gibosa minvant
2026-03-10	20.201	🌖	Lluna gibosa minvant
2026-03-11	21.048	🌗	Cuarto minvant
2026-03-12	21.899	🌘	Lluna minvant
2026-03-13	22.761	🌘	Lluna minvant
2026-03-14	23.639	🌘	Lluna minvant
2026-03-15	24.539	🌘	Lluna minvant
2026-03-16	25.465	🌘	Lluna minvant
2026-03-17	26.418	🌘	Lluna minvant
2026-03-18	27.399	🌘	Lluna minvant
2026-03-19	 0.405	🌑	Lluna nova
2026-03-20	 1.433	🌒	Lluna nova visible
2026-03-21	 2.474	🌒	Lluna nova visible
2026-03-22	 3.524	🌒	Lluna nova visible
2026-03-23	 4.573	🌒	Lluna nova visible
2026-03-24	 5.615	🌒	Lluna nova visible
2026-03-25	 6.646	🌓	Cuart creixent
2026-03-26	 7.663	🌔	Lluna gibosa creixent
2026-03-27	 8.664	🌔	Lluna gibosa creixent
2026-03-28	 9.648	🌔	Lluna gibosa creixent
2026-03-29	10.576	🌔	Lluna gibosa creixent
2026-03-30	11.528	🌔	Lluna gibosa creixent
2026-03-31	12.465	🌔	Lluna gibosa creixent
2026-04-01	13.386	🌔	Lluna gibosa creixent
2026-04-02	14.292	🌕	Lluna plena
2026-04-03	15.183	🌖	Lluna gibosa minvant
2026-04-04	16.060	🌖	Lluna gibosa minvant
2026-04-05	16.925	🌖	Lluna gibosa minvant
2026-04-06	17.780	🌖	Lluna gibosa minvant
2026-04-07	18.628	🌖	Lluna gibosa minvant
2026-04-08	19.475	🌖	Lluna gibosa minvant
2026-04-09	20.325	🌖	Lluna gibosa minvant
2026-04-10	21.185	🌗	Cuarto minvant
2026-04-11	22.061	🌘	Lluna minvant
2026-04-12	22.959	🌘	Lluna minvant
2026-04-13	23.885	🌘	Lluna minvant
2026-04-14	24.843	🌘	Lluna minvant
2026-04-15	25.836	🌘	Lluna minvant
2026-04-16	26.862	🌘	Lluna minvant
2026-04-17	27.917	🌑	Lluna nova
2026-04-18	 0.992	🌒	Lluna nova visible
2026-04-19	 2.078	🌒	Lluna nova visible
2026-04-20	 3.161	🌒	Lluna nova visible
2026-04-21	 4.233	🌒	Lluna nova visible
2026-04-22	 5.283	🌒	Lluna nova visible
2026-04-23	 6.309	🌒	Lluna nova visible
2026-04-24	 7.308	🌓	Cuart creixent
2026-04-25	 8.281	🌔	Lluna gibosa creixent
2026-04-26	 9.230	🌔	Lluna gibosa creixent
2026-04-27	10.160	🌔	Lluna gibosa creixent
2026-04-28	11.073	🌔	Lluna gibosa creixent
2026-04-29	11.971	🌔	Lluna gibosa creixent
2026-04-30	12.857	🌔	Lluna gibosa creixent
2026-05-01	13.732	🌕	Lluna plena
2026-05-02	14.598	🌖	Lluna gibosa minvant
2026-05-03	15.456	🌖	Lluna gibosa minvant
2026-05-04	16.308	🌖	Lluna gibosa minvant
2026-05-05	17.156	🌖	Lluna gibosa minvant
2026-05-06	18.003	🌖	Lluna gibosa minvant
2026-05-07	18.853	🌖	Lluna gibosa minvant
2026-05-08	19.712	🌖	Lluna gibosa minvant
2026-05-09	20.586	🌗	Cuarto minvant
2026-05-10	21.481	🌘	Lluna minvant
2026-05-11	22.403	🌘	Lluna minvant
2026-05-12	23.358	🌘	Lluna minvant
2026-05-13	24.350	🌘	Lluna minvant
2026-05-14	25.380	🌘	Lluna minvant
2026-05-15	26.446	🌘	Lluna minvant
2026-05-16	27.538	🌑	Lluna nova
2026-05-17	 0.646	🌒	Lluna nova visible
2026-05-18	 1.756	🌒	Lluna nova visible
2026-05-19	 2.853	🌒	Lluna nova visible
2026-05-20	 3.927	🌒	Lluna nova visible
2026-05-21	 4.969	🌒	Lluna nova visible
2026-05-22	 5.977	🌒	Lluna nova visible
2026-05-23	 6.952	🌓	Cuart creixent
2026-05-24	 7.898	🌔	Lluna gibosa creixent
2026-05-25	 8.818	🌔	Lluna gibosa creixent
2026-05-26	 9.717	🌔	Lluna gibosa creixent
2026-05-27	10.601	🌔	Lluna gibosa creixent
2026-05-28	11.472	🌔	Lluna gibosa creixent
2026-05-29	12.335	🌔	Lluna gibosa creixent
2026-05-30	13.192	🌔	Lluna gibosa creixent
2026-05-31	14.044	🌕	Lluna plena
2026-06-01	14.893	🌖	Lluna gibosa minvant
2026-06-02	15.742	🌖	Lluna gibosa minvant
2026-06-03	16.591	🌖	Lluna gibosa minvant
2026-06-04	17.446	🌖	Lluna gibosa minvant
2026-06-05	18.309	🌖	Lluna gibosa minvant
2026-06-06	19.185	🌖	Lluna gibosa minvant
2026-06-07	20.080	🌖	Lluna gibosa minvant
2026-06-08	20.999	🌗	Cuarto minvant
2026-06-09	21.949	🌘	Lluna minvant
2026-06-10	22.934	🌘	Lluna minvant
2026-06-11	23.956	🌘	Lluna minvant
2026-06-12	25.015	🌘	Lluna minvant
2026-06-13	26.104	🌘	Lluna minvant
2026-06-14	27.213	🌘	Lluna minvant
2026-06-15	 0.330	🌑	Lluna nova
2026-06-16	 1.438	🌒	Lluna nova visible
2026-06-17	 2.526	🌒	Lluna nova visible
2026-06-18	 3.582	🌒	Lluna nova visible
2026-06-19	 4.603	🌒	Lluna nova visible
2026-06-20	 5.588	🌒	Lluna nova visible
2026-06-21	 6.539	🌓	Cuart creixent
2026-06-22	 7.460	🌔	Lluna gibosa creixent
2026-06-23	 8.356	🌔	Lluna gibosa creixent
2026-06-24	 9.235	🌔	Lluna gibosa creixent
2026-06-25	10.099	🌔	Lluna gibosa creixent
2026-06-26	10.955	🌔	Lluna gibosa creixent
2026-06-27	11.806	🌔	Lluna gibosa creixent
2026-06-28	12.655	🌔	Lluna gibosa creixent
2026-06-29	13.505	🌔	Lluna gibosa creixent
2026-06-30	14.357	🌕	Lluna plena
2026-07-01	15.214	🌖	Lluna gibosa minvant
2026-07-02	16.078	🌖	Lluna gibosa minvant
2026-07-03	16.952	🌖	Lluna gibosa minvant
2026-07-04	17.838	🌖	Lluna gibosa minvant
2026-07-05	18.741	🌖	Lluna gibosa minvant
2026-07-06	19.666	🌖	Lluna gibosa minvant
2026-07-07	20.616	🌗	Cuarto minvant
2026-07-08	21.596	🌘	Lluna minvant
2026-07-09	22.607	🌘	Lluna minvant
2026-07-10	23.650	🌘	Lluna minvant
2026-07-11	24.721	🌘	Lluna minvant
2026-07-12	25.812	🌘	Lluna minvant
2026-07-13	26.913	🌘	Lluna minvant
2026-07-14	 0.012	🌑	Lluna nova
2026-07-15	 1.096	🌒	Lluna nova visible
2026-07-16	 2.155	🌒	Lluna nova visible
2026-07-17	 3.182	🌒	Lluna nova visible
2026-07-18	 4.174	🌒	Lluna nova visible
2026-07-19	 5.132	🌒	Lluna nova visible
2026-07-20	 6.059	🌒	Lluna nova visible
2026-07-21	 6.959	🌓	Cuart creixent
2026-07-22	 7.838	🌔	Lluna gibosa creixent
2026-07-23	 8.702	🌔	Lluna gibosa creixent
2026-07-24	 9.556	🌔	Lluna gibosa creixent
2026-07-25	10.405	🌔	Lluna gibosa creixent
2026-07-26	11.254	🌔	Lluna gibosa creixent
2026-07-27	12.106	🌔	Lluna gibosa creixent
2026-07-28	12.965	🌔	Lluna gibosa creixent
2026-07-29	13.832	🌕	Lluna plena
2026-07-30	14.711	🌖	Lluna gibosa minvant
2026-07-31	15.602	🌖	Lluna gibosa minvant
2026-08-01	16.508	🌖	Lluna gibosa minvant
2026-08-02	17.431	🌖	Lluna gibosa minvant
2026-08-03	18.372	🌖	Lluna gibosa minvant
2026-08-04	19.333	🌖	Lluna gibosa minvant
2026-08-05	20.316	🌖	Lluna gibosa minvant
2026-08-06	21.322	🌗	Cuarto minvant
2026-08-07	22.351	🌘	Lluna minvant
2026-08-08	23.399	🌘	Lluna minvant
2026-08-09	24.462	🌘	Lluna minvant
2026-08-10	25.534	🌘	Lluna minvant
2026-08-11	26.605	🌘	Lluna minvant
2026-08-12	27.666	🌑	Lluna nova
2026-08-13	 0.710	🌒	Lluna nova visible
2026-08-14	 1.729	🌒	Lluna nova visible
2026-08-15	 2.719	🌒	Lluna nova visible
2026-08-16	 3.679	🌒	Lluna nova visible
2026-08-17	 4.609	🌒	Lluna nova visible
2026-08-18	 5.512	🌒	Lluna nova visible
2026-08-19	 6.394	🌒	Lluna nova visible
2026-08-20	 7.259	🌓	Cuart creixent
2026-08-21	 8.112	🌔	Lluna gibosa creixent
2026-08-22	 8.961	🌔	Lluna gibosa creixent
2026-08-23	 9.811	🌔	Lluna gibosa creixent
2026-08-24	10.666	🌔	Lluna gibosa creixent
2026-08-25	11.531	🌔	Lluna gibosa creixent
2026-08-26	12.409	🌔	Lluna gibosa creixent
2026-08-27	13.305	🌔	Lluna gibosa creixent
2026-08-28	14.218	🌕	Lluna plena
2026-08-29	15.150	🌖	Lluna gibosa minvant
2026-08-30	16.101	🌖	Lluna gibosa minvant
2026-08-31	17.069	🌖	Lluna gibosa minvant
2026-09-01	18.055	🌖	Lluna gibosa minvant
2026-09-02	19.055	🌖	Lluna gibosa minvant
2026-09-03	20.068	🌖	Lluna gibosa minvant
2026-09-04	21.092	🌗	Cuarto minvant
2026-09-05	22.123	🌘	Lluna minvant
2026-09-06	23.160	🌘	Lluna minvant
2026-09-07	24.198	🌘	Lluna minvant
2026-09-08	25.233	🌘	Lluna minvant
2026-09-09	26.260	🌘	Lluna minvant
2026-09-10	27.273	🌘	Lluna minvant
2026-09-11	 0.269	🌑	Lluna nova
2026-09-12	 1.244	🌒	Lluna nova visible
2026-09-13	 2.194	🌒	Lluna nova visible
2026-09-14	 3.120	🌒	Lluna nova visible
2026-09-15	 4.022	🌒	Lluna nova visible
2026-09-16	 4.903	🌒	Lluna nova visible
2026-09-17	 5.768	🌒	Lluna nova visible
2026-09-18	 6.620	🌓	Cuart creixent
2026-09-19	 7.468	🌔	Lluna gibosa creixent
2026-09-20	 8.316	🌔	Lluna gibosa creixent
2026-09-21	 9.171	🌔	Lluna gibosa creixent
2026-09-22	10.038	🌔	Lluna gibosa creixent
2026-09-23	10.924	🌔	Lluna gibosa creixent
2026-09-24	11.832	🌔	Lluna gibosa creixent
2026-09-25	12.765	🌔	Lluna gibosa creixent
2026-09-26	13.723	🌕	Lluna plena
2026-09-27	14.705	🌖	Lluna gibosa minvant
2026-09-28	15.709	🌖	Lluna gibosa minvant
2026-09-29	16.728	🌖	Lluna gibosa minvant
2026-09-30	17.757	🌖	Lluna gibosa minvant
2026-10-01	18.791	🌖	Lluna gibosa minvant
2026-10-02	19.825	🌖	Lluna gibosa minvant
2026-10-03	20.854	🌗	Cuarto minvant
2026-10-04	21.875	🌘	Lluna minvant
2026-10-05	22.888	🌘	Lluna minvant
2026-10-06	23.890	🌘	Lluna minvant
2026-10-07	24.881	🌘	Lluna minvant
2026-10-08	25.859	🌘	Lluna minvant
2026-10-09	26.823	🌘	Lluna minvant
2026-10-10	27.772	🌑	Lluna nova
2026-10-11	 0.702	🌒	Lluna nova visible
2026-10-12	 1.614	🌒	Lluna nova visible
2026-10-13	 2.507	🌒	Lluna nova visible
2026-10-14	 3.382	🌒	Lluna nova visible
2026-10-15	 4.243	🌒	Lluna nova visible
2026-10-16	 5.093	🌒	Lluna nova visible
2026-10-17	 5.936	🌒	Lluna nova visible
2026-10-18	 6.780	🌓	Cuart creixent
2026-10-19	 7.631	🌔	Lluna gibosa creixent
2026-10-20	 8.496	🌔	Lluna gibosa creixent
2026-10-21	 9.381	🌔	Lluna gibosa creixent
2026-10-22	10.293	🌔	Lluna gibosa creixent
2026-10-23	11.235	🌔	Lluna gibosa creixent
2026-10-24	12.210	🌔	Lluna gibosa creixent
2026-10-25	13.260	🌔	Lluna gibosa creixent
2026-10-26	14.296	🌕	Lluna plena
2026-10-27	15.351	🌖	Lluna gibosa minvant
2026-10-28	16.416	🌖	Lluna gibosa minvant
2026-10-29	17.482	🌖	Lluna gibosa minvant
2026-10-30	18.539	🌖	Lluna gibosa minvant
2026-10-31	19.580	🌖	Lluna gibosa minvant
2026-11-01	20.602	🌗	Cuarto minvant
2026-11-02	21.604	🌘	Lluna minvant
2026-11-03	22.586	🌘	Lluna minvant
2026-11-04	23.550	🌘	Lluna minvant
2026-11-05	24.498	🌘	Lluna minvant
2026-11-06	25.431	🌘	Lluna minvant
2026-11-07	26.350	🌘	Lluna minvant
2026-11-08	27.255	🌘	Lluna minvant
2026-11-09	 0.146	🌑	Lluna nova
2026-11-10	 1.023	🌒	Lluna nova visible
2026-11-11	 1.888	🌒	Lluna nova visible
2026-11-12	 2.741	🌒	Lluna nova visible
2026-11-13	 3.585	🌒	Lluna nova visible
2026-11-14	 4.425	🌒	Lluna nova visible
2026-11-15	 5.265	🌒	Lluna nova visible
2026-11-16	 6.111	🌒	Lluna nova visible
2026-11-17	 6.971	🌓	Cuart creixent
2026-11-18	 7.851	🌔	Lluna gibosa creixent
2026-11-19	 8.758	🌔	Lluna gibosa creixent
2026-11-20	 9.699	🌔	Lluna gibosa creixent
2026-11-21	10.677	🌔	Lluna gibosa creixent
2026-11-22	11.693	🌔	Lluna gibosa creixent
2026-11-23	12.744	🌔	Lluna gibosa creixent
2026-11-24	13.823	🌕	Lluna plena
2026-11-25	14.917	🌖	Lluna gibosa minvant
2026-11-26	16.014	🌖	Lluna gibosa minvant
2026-11-27	17.100	🌖	Lluna gibosa minvant
2026-11-28	18.166	🌖	Lluna gibosa minvant
2026-11-29	19.206	🌖	Lluna gibosa minvant
2026-11-30	20.215	🌖	Lluna gibosa minvant
2026-12-01	21.196	🌗	Cuarto minvant
2026-12-02	22.150	🌘	Lluna minvant
2026-12-03	23.082	🌘	Lluna minvant
2026-12-04	23.994	🌘	Lluna minvant
2026-12-05	24.890	🌘	Lluna minvant
2026-12-06	25.773	🌘	Lluna minvant
2026-12-07	26.645	🌘	Lluna minvant
2026-12-08	27.506	🌘	Lluna minvant
2026-12-09	 0.359	🌑	Lluna nova
2026-12-10	 1.204	🌒	Lluna nova visible
2026-12-11	 2.045	🌒	Lluna nova visible
2026-12-12	 2.883	🌒	Lluna nova visible
2026-12-13	 3.722	🌒	Lluna nova visible
2026-12-14	 4.568	🌒	Lluna nova visible
2026-12-15	 5.425	🌒	Lluna nova visible
2026-12-16	 6.300	🌒	Lluna nova visible
2026-12-17	 7.200	🌓	Cuart creixent
2026-12-18	 8.132	🌔	Lluna gibosa creixent
2026-12-19	 9.099	🌔	Lluna gibosa creixent
2026-12-20	10.105	🌔	Lluna gibosa creixent
2026-12-21	11.150	🌔	Lluna gibosa creixent
2026-12-22	12.228	🌔	Lluna gibosa creixent
2026-12-23	13.330	🌔	Lluna gibosa creixent
2026-12-24	14.441	🌕	Lluna plena
2026-12-25	15.549	🌖	Lluna gibosa minvant
2026-12-26	16.639	🌖	Lluna gibosa minvant
2026-12-27	17.701	🌖	Lluna gibosa minvant
2026-12-28	18.731	🌖	Lluna gibosa minvant
2026-12-29	19.725	🌖	Lluna gibosa minvant
2026-12-30	20.686	🌗	Cuarto minvant
2026-12-31	21.618	🌘	Lluna minvant
2027-01-01	22.524	🌘	Lluna minvant
2027-01-02	23.409	🌘	Lluna minvant
2027-01-03	24.279	🌘	Lluna minvant
2027-01-04	25.137	🌘	Lluna minvant
2027-01-05	25.986	🌘	Lluna minvant
2027-01-06	26.830	🌘	Lluna minvant
2027-01-07	27.670	🌑	Lluna nova
2027-01-08	 0.510	🌒	Lluna nova visible
2027-01-09	 1.352	🌒	Lluna nova visible
2027-01-10	 2.197	🌒	Lluna nova visible
2027-01-11	 3.050	🌒	Lluna nova visible
2027-01-12	 3.914	🌒	Lluna nova visible
2027-01-13	 4.794	🌒	Lluna nova visible
2027-01-14	 5.695	🌒	Lluna nova visible
2027-01-15	 6.622	🌓	Cuart creixent
2027-01-16	 7.579	🌔	Lluna gibosa creixent
2027-01-17	 8.569	🌔	Lluna gibosa creixent
2027-01-18	 9.594	🌔	Lluna gibosa creixent
2027-01-19	10.652	🌔	Lluna gibosa creixent
2027-01-20	11.735	🌔	Lluna gibosa creixent
2027-01-21	12.836	🌔	Lluna gibosa creixent
2027-01-22	13.940	🌕	Lluna plena
2027-01-23	15.036	🌖	Lluna gibosa minvant
2027-01-24	16.112	🌖	Lluna gibosa minvant
2027-01-25	17.159	🌖	Lluna gibosa minvant
2027-01-26	18.171	🌖	Lluna gibosa minvant
2027-01-27	19.148	🌖	Lluna gibosa minvant
2027-01-28	20.090	🌖	Lluna gibosa minvant
2027-01-29	21.002	🌗	Cuarto minvant
2027-01-30	21.889	🌘	Lluna minvant
2027-01-31	22.756	🌘	Lluna minvant
2027-02-01	23.609	🌘	Lluna minvant
2027-02-02	24.453	🌘	Lluna minvant
2027-02-03	25.292	🌘	Lluna minvant
2027-02-04	26.132	🌘	Lluna minvant
2027-02-05	26.975	🌘	Lluna minvant
2027-02-06	27.824	🌑	Lluna nova
2027-02-07	 0.682	🌒	Lluna nova visible
2027-02-08	 1.551	🌒	Lluna nova visible
2027-02-09	 2.434	🌒	Lluna nova visible
2027-02-10	 3.331	🌒	Lluna nova visible
2027-02-11	 4.247	🌒	Lluna nova visible
2027-02-12	 5.183	🌒	Lluna nova visible
2027-02-13	 6.142	🌒	Lluna nova visible
2027-02-14	 7.125	🌓	Cuart creixent
2027-02-15	 8.133	🌔	Lluna gibosa creixent
2027-02-16	 9.166	🌔	Lluna gibosa creixent
2027-02-17	10.220	🌔	Lluna gibosa creixent
2027-02-18	11.291	🌔	Lluna gibosa creixent
2027-02-19	12.369	🌔	Lluna gibosa creixent
2027-02-20	13.447	🌔	Lluna gibosa creixent
2027-02-21	14.513	🌕	Lluna plena
2027-02-22	15.559	🌖	Lluna gibosa minvant
2027-02-23	16.578	🌖	Lluna gibosa minvant
2027-02-24	17.565	🌖	Lluna gibosa minvant
2027-02-25	18.518	🌖	Lluna gibosa minvant
2027-02-26	19.440	🌖	Lluna gibosa minvant
2027-02-27	20.334	🌖	Lluna gibosa minvant
2027-02-28	21.206	🌗	Cuarto minvant
2027-03-01	22.060	🌘	Lluna minvant
2027-03-02	22.904	🌘	Lluna minvant
2027-03-03	23.744	🌘	Lluna minvant
2027-03-04	24.585	🌘	Lluna minvant
2027-03-05	25.434	🌘	Lluna minvant
2027-03-06	26.293	🌘	Lluna minvant
2027-03-07	27.166	🌘	Lluna minvant
2027-03-08	 0.056	🌑	Lluna nova
2027-03-09	 0.964	🌒	Lluna nova visible
2027-03-10	 1.890	🌒	Lluna nova visible
2027-03-11	 2.834	🌒	Lluna nova visible
2027-03-12	 3.795	🌒	Lluna nova visible
2027-03-13	 4.772	🌒	Lluna nova visible
2027-03-14	 5.764	🌒	Lluna nova visible
2027-03-15	 6.771	🌓	Cuart creixent
2027-03-16	 7.790	🌔	Lluna gibosa creixent
2027-03-17	 8.820	🌔	Lluna gibosa creixent
2027-03-18	 9.859	🌔	Lluna gibosa creixent
2027-03-19	10.904	🌔	Lluna gibosa creixent
2027-03-20	11.948	🌔	Lluna gibosa creixent
2027-03-21	12.986	🌔	Lluna gibosa creixent
2027-03-22	14.011	🌕	Lluna plena
2027-03-23	15.017	🌖	Lluna gibosa minvant
2027-03-24	15.998	🌖	Lluna gibosa minvant
2027-03-25	16.951	🌖	Lluna gibosa minvant
2027-03-26	17.876	🌖	Lluna gibosa minvant
2027-03-27	18.775	🌖	Lluna gibosa minvant
2027-03-28	19.614	🌖	Lluna gibosa minvant
2027-03-29	20.473	🌖	Lluna gibosa minvant
2027-03-30	21.320	🌗	Cuarto minvant
2027-03-31	22.162	🌘	Lluna minvant
2027-04-01	23.005	🌘	Lluna minvant
2027-04-02	23.858	🌘	Lluna minvant
2027-04-03	24.724	🌘	Lluna minvant
2027-04-04	25.610	🌘	Lluna minvant
2027-04-05	26.518	🌘	Lluna minvant
2027-04-06	27.451	🌘	Lluna minvant
2027-04-07	 0.407	🌑	Lluna nova
2027-04-08	 1.384	🌒	Lluna nova visible
2027-04-09	 2.379	🌒	Lluna nova visible
2027-04-10	 3.387	🌒	Lluna nova visible
2027-04-11	 4.404	🌒	Lluna nova visible
2027-04-12	 5.425	🌒	Lluna nova visible
2027-04-13	 6.448	🌒	Lluna nova visible
2027-04-14	 7.470	🌓	Cuart creixent
2027-04-15	 8.491	🌔	Lluna gibosa creixent
2027-04-16	 9.508	🌔	Lluna gibosa creixent
2027-04-17	10.520	🌔	Lluna gibosa creixent
2027-04-18	11.525	🌔	Lluna gibosa creixent
2027-04-19	12.519	🌔	Lluna gibosa creixent
2027-04-20	13.498	🌔	Lluna gibosa creixent
2027-04-21	14.460	🌕	Lluna plena
2027-04-22	15.400	🌖	Lluna gibosa minvant
2027-04-23	16.317	🌖	Lluna gibosa minvant
2027-04-24	17.213	🌖	Lluna gibosa minvant
2027-04-25	18.088	🌖	Lluna gibosa minvant
2027-04-26	18.947	🌖	Lluna gibosa minvant
2027-04-27	19.795	🌖	Lluna gibosa minvant
2027-04-28	20.638	🌗	Cuarto minvant
2027-04-29	21.483	🌘	Lluna minvant
2027-04-30	22.337	🌘	Lluna minvant
2027-05-01	23.208	🌘	Lluna minvant
2027-05-02	24.101	🌘	Lluna minvant
2027-05-03	25.021	🌘	Lluna minvant
2027-05-04	25.971	🌘	Lluna minvant
2027-05-05	26.951	🌘	Lluna minvant
2027-05-06	27.958	🌑	Lluna nova
2027-05-07	 0.987	🌒	Lluna nova visible
2027-05-08	 2.031	🌒	Lluna nova visible
2027-05-09	 3.082	🌒	Lluna nova visible
2027-05-10	 4.131	🌒	Lluna nova visible
2027-05-11	 5.173	🌒	Lluna nova visible
2027-05-12	 6.204	🌒	Lluna nova visible
2027-05-13	 7.222	🌓	Cuart creixent
2027-05-14	 8.227	🌔	Lluna gibosa creixent
2027-05-15	 9.218	🌔	Lluna gibosa creixent
2027-05-16	10.196	🌔	Lluna gibosa creixent
2027-05-17	11.161	🌔	Lluna gibosa creixent
2027-05-18	12.111	🌔	Lluna gibosa creixent
2027-05-19	13.045	🌔	Lluna gibosa creixent
2027-05-20	13.962	🌕	Lluna plena
2027-05-21	14.863	🌖	Lluna gibosa minvant
2027-05-22	15.746	🌖	Lluna gibosa minvant
2027-05-23	16.613	🌖	Lluna gibosa minvant
2027-05-24	17.468	🌖	Lluna gibosa minvant
2027-05-25	18.314	🌖	Lluna gibosa minvant
2027-05-26	19.157	🌖	Lluna gibosa minvant
2027-05-27	20.002	🌖	Lluna gibosa minvant
2027-05-28	20.857	🌗	Cuarto minvant
2027-05-29	21.728	🌘	Lluna minvant
2027-05-30	22.622	🌘	Lluna minvant
2027-05-31	23.545	🌘	Lluna minvant
2027-06-01	24.502	🌘	Lluna minvant
2027-06-02	25.493	🌘	Lluna minvant
2027-06-03	26.517	🌘	Lluna minvant
2027-06-04	27.569	🌑	Lluna nova
2027-06-05	 0.641	🌒	Lluna nova visible
2027-06-06	 1.723	🌒	Lluna nova visible
2027-06-07	 2.802	🌒	Lluna nova visible
2027-06-08	 3.871	🌒	Lluna nova visible
2027-06-09	 4.923	🌒	Lluna nova visible
2027-06-10	 5.953	🌒	Lluna nova visible
2027-06-11	 6.961	🌓	Cuart creixent
2027-06-12	 7.946	🌔	Lluna gibosa creixent
2027-06-13	 8.909	🌔	Lluna gibosa creixent
2027-06-14	 9.853	🌔	Lluna gibosa creixent
2027-06-15	10.780	🌔	Lluna gibosa creixent
2027-06-16	11.690	🌔	Lluna gibosa creixent
2027-06-17	12.584	🌔	Lluna gibosa creixent
2027-06-18	13.465	🌔	Lluna gibosa creixent
2027-06-19	14.333	🌕	Lluna plena
2027-06-20	15.190	🌖	Lluna gibosa minvant
2027-06-21	16.039	🌖	Lluna gibosa minvant
2027-06-22	16.883	🌖	Lluna gibosa minvant
2027-06-23	17.725	🌖	Lluna gibosa minvant
2027-06-24	18.572	🌖	Lluna gibosa minvant
2027-06-25	19.427	🌖	Lluna gibosa minvant
2027-06-26	20.298	🌖	Lluna gibosa minvant
2027-06-27	21.191	🌗	Cuarto minvant
2027-06-28	22.112	🌘	Lluna minvant
2027-06-29	23.066	🌘	Lluna minvant
2027-06-30	24.055	🌘	Lluna minvant
2027-07-01	25.080	🌘	Lluna minvant
2027-07-02	26.138	🌘	Lluna minvant
2027-07-03	27.221	🌘	Lluna minvant
2027-07-04	 0.319	🌑	Lluna nova
2027-07-05	 1.421	🌒	Lluna nova visible
2027-07-06	 2.515	🌒	Lluna nova visible
2027-07-07	 3.590	🌒	Lluna nova visible
2027-07-08	 4.639	🌒	Lluna nova visible
2027-07-09	 5.660	🌒	Lluna nova visible
2027-07-10	 6.650	🌓	Cuart creixent
2027-07-11	 7.611	🌔	Lluna gibosa creixent
2027-07-12	 8.547	🌔	Lluna gibosa creixent
2027-07-13	 9.459	🌔	Lluna gibosa creixent
2027-07-14	10.352	🌔	Lluna gibosa creixent
2027-07-15	11.229	🌔	Lluna gibosa creixent
2027-07-16	12.094	🌔	Lluna gibosa creixent
2027-07-17	12.949	🌔	Lluna gibosa creixent
2027-07-18	13.797	🌕	Lluna plena
2027-07-19	14.641	🌖	Lluna gibosa minvant
2027-07-20	15.484	🌖	Lluna gibosa minvant
2027-07-21	16.330	🌖	Lluna gibosa minvant
2027-07-22	17.180	🌖	Lluna gibosa minvant
2027-07-23	18.041	🌖	Lluna gibosa minvant
2027-07-24	18.916	🌖	Lluna gibosa minvant
2027-07-25	19.811	🌖	Lluna gibosa minvant
2027-07-26	20.730	🌗	Cuarto minvant
2027-07-27	21.677	🌘	Lluna minvant
2027-07-28	22.657	🌘	Lluna minvant
2027-07-29	23.671	🌘	Lluna minvant
2027-07-30	24.718	🌘	Lluna minvant
2027-07-31	25.794	🌘	Lluna minvant
2027-08-01	26.890	🌘	Lluna minvant
2027-08-02	27.996	🌑	Lluna nova
2027-08-03	 1.100	🌒	Lluna nova visible
2027-08-04	 2.190	🌒	Lluna nova visible
2027-08-05	 3.256	🌒	Lluna nova visible
2027-08-06	 4.291	🌒	Lluna nova visible
2027-08-07	 5.293	🌒	Lluna nova visible
2027-08-08	 6.260	🌒	Lluna nova visible
2027-08-09	 7.196	🌓	Cuart creixent
2027-08-10	 8.104	🌔	Lluna gibosa creixent
2027-08-11	 8.988	🌔	Lluna gibosa creixent
2027-08-12	 9.856	🌔	Lluna gibosa creixent
2027-08-13	10.710	🌔	Lluna gibosa creixent
2027-08-14	11.557	🌔	Lluna gibosa creixent
2027-08-15	12.400	🌔	Lluna gibosa creixent
2027-08-16	13.243	🌔	Lluna gibosa creixent
2027-08-17	14.089	🌕	Lluna plena
2027-08-18	14.941	🌖	Lluna gibosa minvant
2027-08-19	15.802	🌖	Lluna gibosa minvant
2027-08-20	16.675	🌖	Lluna gibosa minvant
2027-08-21	17.562	🌖	Lluna gibosa minvant
2027-08-22	18.465	🌖	Lluna gibosa minvant
2027-08-23	19.389	🌖	Lluna gibosa minvant
2027-08-24	20.336	🌖	Lluna gibosa minvant
2027-08-25	21.308	🌗	Cuarto minvant
2027-08-26	22.308	🌘	Lluna minvant
2027-08-27	23.336	🌘	Lluna minvant
2027-08-28	24.390	🌘	Lluna minvant
2027-08-29	25.466	🌘	Lluna minvant
2027-08-30	26.556	🌘	Lluna minvant
2027-08-31	27.650	🌑	Lluna nova
2027-09-01	 0.738	🌒	Lluna nova visible
2027-09-02	 1.807	🌒	Lluna nova visible
2027-09-03	 2.850	🌒	Lluna nova visible
2027-09-04	 3.860	🌒	Lluna nova visible
2027-09-05	 4.834	🌒	Lluna nova visible
2027-09-06	 5.774	🌒	Lluna nova visible
2027-09-07	 6.683	🌓	Cuart creixent
2027-09-08	 7.566	🌔	Lluna gibosa creixent
2027-09-09	 8.430	🌔	Lluna gibosa creixent
2027-09-10	 9.280	🌔	Lluna gibosa creixent
2027-09-11	10.122	🌔	Lluna gibosa creixent
2027-09-12	10.964	🌔	Lluna gibosa creixent
2027-09-13	11.808	🌔	Lluna gibosa creixent
2027-09-14	12.661	🌔	Lluna gibosa creixent
2027-09-15	13.524	🌔	Lluna gibosa creixent
2027-09-16	14.401	🌕	Lluna plena
2027-09-17	15.292	🌖	Lluna gibosa minvant
2027-09-18	16.199	🌖	Lluna gibosa minvant
2027-09-19	17.122	🌖	Lluna gibosa minvant
2027-09-20	18.062	🌖	Lluna gibosa minvant
2027-09-21	19.018	🌖	Lluna gibosa minvant
2027-09-22	19.993	🌖	Lluna gibosa minvant
2027-09-23	20.985	🌗	Cuarto minvant
2027-09-24	21.997	🌘	Lluna minvant
2027-09-25	23.028	🌘	Lluna minvant
2027-09-26	24.076	🌘	Lluna minvant
2027-09-27	25.136	🌘	Lluna minvant
2027-09-28	26.203	🌘	Lluna minvant
2027-09-29	27.269	🌘	Lluna minvant
2027-09-30	 0.323	🌑	Lluna nova
2027-10-01	 1.357	🌒	Lluna nova visible
2027-10-02	 2.363	🌒	Lluna nova visible
2027-10-03	 3.338	🌒	Lluna nova visible
2027-10-04	 4.279	🌒	Lluna nova visible
2027-10-05	 5.190	🌒	Lluna nova visible
2027-10-06	 6.073	🌒	Lluna nova visible
2027-10-07	 6.936	🌓	Cuart creixent
2027-10-08	 7.784	🌔	Lluna gibosa creixent
2027-10-09	 8.626	🌔	Lluna gibosa creixent
2027-10-10	 9.467	🌔	Lluna gibosa creixent
2027-10-11	10.314	🌔	Lluna gibosa creixent
2027-10-12	11.173	🌔	Lluna gibosa creixent
2027-10-13	12.048	🌔	Lluna gibosa creixent
2027-10-14	12.941	🌔	Lluna gibosa creixent
2027-10-15	13.854	🌕	Lluna plena
2027-10-16	14.786	🌖	Lluna gibosa minvant
2027-10-17	15.737	🌖	Lluna gibosa minvant
2027-10-18	16.704	🌖	Lluna gibosa minvant
2027-10-19	17.683	🌖	Lluna gibosa minvant
2027-10-20	18.674	🌖	Lluna gibosa minvant
2027-10-21	19.674	🌖	Lluna gibosa minvant
2027-10-22	20.683	🌗	Cuarto minvant
2027-10-23	21.700	🌘	Lluna minvant
2027-10-24	22.725	🌘	Lluna minvant
2027-10-25	23.755	🌘	Lluna minvant
2027-10-26	24.788	🌘	Lluna minvant
2027-10-27	25.819	🌘	Lluna minvant
2027-10-28	26.842	🌘	Lluna minvant
2027-10-29	27.850	🌑	Lluna nova
2027-10-30	 0.837	🌒	Lluna nova visible
2027-10-31	 1.838	🌒	Lluna nova visible
2027-11-01	 2.770	🌒	Lluna nova visible
2027-11-02	 3.676	🌒	Lluna nova visible
2027-11-03	 4.556	🌒	Lluna nova visible
2027-11-04	 5.417	🌒	Lluna nova visible
2027-11-05	 6.264	🌒	Lluna nova visible
2027-11-06	 7.104	🌓	Cuart creixent
2027-11-07	 7.945	🌔	Lluna gibosa creixent
2027-11-08	 8.793	🌔	Lluna gibosa creixent
2027-11-09	 9.655	🌔	Lluna gibosa creixent
2027-11-10	10.537	🌔	Lluna gibosa creixent
2027-11-11	11.442	🌔	Lluna gibosa creixent
2027-11-12	12.374	🌔	Lluna gibosa creixent
2027-11-13	13.331	🌔	Lluna gibosa creixent
2027-11-14	14.311	🌕	Lluna plena
2027-11-15	15.310	🌖	Lluna gibosa minvant
2027-11-16	16.324	🌖	Lluna gibosa minvant
2027-11-17	17.345	🌖	Lluna gibosa minvant
2027-11-18	18.369	🌖	Lluna gibosa minvant
2027-11-19	19.393	🌖	Lluna gibosa minvant
2027-11-20	20.414	🌖	Lluna gibosa minvant
2027-11-21	21.431	🌗	Cuarto minvant
2027-11-22	22.443	🌘	Lluna minvant
2027-11-23	23.448	🌘	Lluna minvant
2027-11-24	24.444	🌘	Lluna minvant
2027-11-25	25.430	🌘	Lluna minvant
2027-11-26	26.403	🌘	Lluna minvant
2027-11-27	27.358	🌘	Lluna minvant
2027-11-28	 0.293	🌑	Lluna nova
2027-11-29	 1.208	🌒	Lluna nova visible
2027-11-30	 2.101	🌒	Lluna nova visible
2027-12-01	 2.974	🌒	Lluna nova visible
2027-12-02	 3.831	🌒	Lluna nova visible
2027-12-03	 4.676	🌒	Lluna nova visible
2027-12-04	 5.514	🌒	Lluna nova visible
2027-12-05	 6.353	🌒	Lluna nova visible
2027-12-06	 7.199	🌓	Cuart creixent
2027-12-07	 8.059	🌔	Lluna gibosa creixent
2027-12-08	 8.940	🌔	Lluna gibosa creixent
2027-12-09	 9.847	🌔	Lluna gibosa creixent
2027-12-10	10.784	🌔	Lluna gibosa creixent
2027-12-11	11.753	🌔	Lluna gibosa creixent
2027-12-12	12.752	🌔	Lluna gibosa creixent
2027-12-13	13.777	🌕	Lluna plena
2027-12-14	14.822	🌖	Lluna gibosa minvant
2027-12-15	15.878	🌖	Lluna gibosa minvant
2027-12-16	16.938	🌖	Lluna gibosa minvant
2027-12-17	17.992	🌖	Lluna gibosa minvant
2027-12-18	19.036	🌖	Lluna gibosa minvant
2027-12-19	20.064	🌖	Lluna gibosa minvant
2027-12-20	21.076	🌗	Cuarto minvant
2027-12-21	22.069	🌘	Lluna minvant
2027-12-22	23.044	🌘	Lluna minvant
2027-12-23	24.002	🌘	Lluna minvant
2027-12-24	24.942	🌘	Lluna minvant
2027-12-25	25.865	🌘	Lluna minvant
2027-12-26	26.772	🌘	Lluna minvant
2027-12-27	27.662	🌑	Lluna nova
2027-12-28	 0.537	🌒	Lluna nova visible
2027-12-29	 1.398	🌒	Lluna nova visible
2027-12-30	 2.248	🌒	Lluna nova visible
2027-12-31	 3.090	🌒	Lluna nova visible
2028-01-01	 3.927	🌒	Lluna nova visible
2028-01-02	 4.765	🌒	Lluna nova visible
2028-01-03	 5.610	🌒	Lluna nova visible
2028-01-04	 6.467	🌒	Lluna nova visible
2028-01-05	 7.343	🌓	Cuart creixent
2028-01-06	 8.243	🌔	Lluna gibosa creixent
2028-01-07	 9.174	🌔	Lluna gibosa creixent
2028-01-08	10.139	🌔	Lluna gibosa creixent
2028-01-09	11.139	🌔	Lluna gibosa creixent
2028-01-10	12.172	🌔	Lluna gibosa creixent
2028-01-11	13.233	🌔	Lluna gibosa creixent
2028-01-12	14.314	🌕	Lluna plena
2028-01-13	15.405	🌖	Lluna gibosa minvant
2028-01-14	16.493	🌖	Lluna gibosa minvant
2028-01-15	17.570	🌖	Lluna gibosa minvant
2028-01-16	18.625	🌖	Lluna gibosa minvant
2028-01-17	19.654	🌖	Lluna gibosa minvant
2028-01-18	20.655	🌗	Cuarto minvant
2028-01-19	21.627	🌘	Lluna minvant
2028-01-20	22.572	🌘	Lluna minvant
2028-01-21	23.493	🌘	Lluna minvant
2028-01-22	24.393	🌘	Lluna minvant
2028-01-23	25.276	🌘	Lluna minvant
2028-01-24	26.145	🌘	Lluna minvant
2028-01-25	27.003	🌘	Lluna minvant
2028-01-26	27.851	🌑	Lluna nova
2028-01-27	 0.694	🌒	Lluna nova visible
2028-01-28	 1.533	🌒	Lluna nova visible
2028-01-29	 2.372	🌒	Lluna nova visible
2028-01-30	 3.213	🌒	Lluna nova visible
2028-01-31	 4.061	🌒	Lluna nova visible
2028-02-01	 4.919	🌒	Lluna nova visible
2028-02-02	 5.794	🌒	Lluna nova visible
2028-02-03	 6.689	🌓	Cuart creixent
2028-02-04	 7.610	🌔	Lluna gibosa creixent
2028-02-05	 8.563	🌔	Lluna gibosa creixent
2028-02-06	 9.549	🌔	Lluna gibosa creixent
2028-02-07	10.571	🌔	Lluna gibosa creixent
2028-02-08	11.627	🌔	Lluna gibosa creixent
2028-02-09	12.710	🌔	Lluna gibosa creixent
2028-02-10	13.812	🌕	Lluna plena
2028-02-11	14.921	🌖	Lluna gibosa minvant
2028-02-12	16.023	🌖	Lluna gibosa minvant
2028-02-13	17.105	🌖	Lluna gibosa minvant
2028-02-14	18.159	🌖	Lluna gibosa minvant
2028-02-15	19.179	🌖	Lluna gibosa minvant
2028-02-16	20.163	🌖	Lluna gibosa minvant
2028-02-17	21.111	🌗	Cuarto minvant
2028-02-18	22.029	🌘	Lluna minvant
2028-02-19	22.920	🌘	Lluna minvant
2028-02-20	23.791	🌘	Lluna minvant
2028-02-21	24.647	🌘	Lluna minvant
2028-02-22	25.493	🌘	Lluna minvant
2028-02-23	26.334	🌘	Lluna minvant
2028-02-24	27.173	🌘	Lluna minvant
2028-02-25	 0.013	🌑	Lluna nova
2028-02-26	 0.856	🌒	Lluna nova visible
2028-02-27	 1.706	🌒	Lluna nova visible
2028-02-28	 2.564	🌒	Lluna nova visible
2028-02-29	 3.433	🌒	Lluna nova visible
2028-03-01	 4.315	🌒	Lluna nova visible
2028-03-02	 5.214	🌒	Lluna nova visible
2028-03-03	 6.133	🌒	Lluna nova visible
2028-03-04	 7.078	🌓	Cuart creixent
2028-03-05	 8.051	🌔	Lluna gibosa creixent
2028-03-06	 9.055	🌔	Lluna gibosa creixent
2028-03-07	10.091	🌔	Lluna gibosa creixent
2028-03-08	11.156	🌔	Lluna gibosa creixent
2028-03-09	12.246	🌔	Lluna gibosa creixent
2028-03-10	13.350	🌔	Lluna gibosa creixent
2028-03-11	14.455	🌕	Lluna plena
2028-03-12	15.548	🌖	Lluna gibosa minvant
2028-03-13	16.617	🌖	Lluna gibosa minvant
2028-03-14	17.653	🌖	Lluna gibosa minvant
2028-03-15	18.651	🌖	Lluna gibosa minvant
2028-03-16	19.611	🌖	Lluna gibosa minvant
2028-03-17	20.535	🌖	Lluna gibosa minvant
2028-03-18	21.429	🌗	Cuarto minvant
2028-03-19	22.299	🌘	Lluna minvant
2028-03-20	23.153	🌘	Lluna minvant
2028-03-21	23.996	🌘	Lluna minvant
2028-03-22	24.834	🌘	Lluna minvant
2028-03-23	25.674	🌘	Lluna minvant
2028-03-24	26.519	🌘	Lluna minvant
2028-03-25	27.371	🌘	Lluna minvant
2028-03-26	 0.197	🌑	Lluna nova
2028-03-27	 1.071	🌒	Lluna nova visible
2028-03-28	 1.957	🌒	Lluna nova visible
2028-03-29	 2.857	🌒	Lluna nova visible
2028-03-30	 3.771	🌒	Lluna nova visible
2028-03-31	 4.702	🌒	Lluna nova visible
2028-04-01	 5.650	🌒	Lluna nova visible
2028-04-02	 6.620	🌓	Cuart creixent
2028-04-03	 7.612	🌔	Lluna gibosa creixent
2028-04-04	 8.629	🌔	Lluna gibosa creixent
2028-04-05	 9.671	🌔	Lluna gibosa creixent
2028-04-06	10.735	🌔	Lluna gibosa creixent
2028-04-07	11.814	🌔	Lluna gibosa creixent
2028-04-08	12.899	🌔	Lluna gibosa creixent
2028-04-09	13.980	🌕	Lluna plena
2028-04-10	15.043	🌖	Lluna gibosa minvant
2028-04-11	16.080	🌖	Lluna gibosa minvant
2028-04-12	17.084	🌖	Lluna gibosa minvant
2028-04-13	18.052	🌖	Lluna gibosa minvant
2028-04-14	18.984	🌖	Lluna gibosa minvant
2028-04-15	19.886	🌖	Lluna gibosa minvant
2028-04-16	20.762	🌗	Cuarto minvant
2028-04-17	21.619	🌘	Lluna minvant
2028-04-18	22.465	🌘	Lluna minvant
2028-04-19	23.307	🌘	Lluna minvant
2028-04-20	24.150	🌘	Lluna minvant
2028-04-21	25.001	🌘	Lluna minvant
2028-04-22	25.863	🌘	Lluna minvant
2028-04-23	26.739	🌘	Lluna minvant
2028-04-24	27.631	🌑	Lluna nova
2028-04-25	 0.540	🌒	Lluna nova visible
2028-04-26	 1.465	🌒	Lluna nova visible
2028-04-27	 2.405	🌒	Lluna nova visible
2028-04-28	 3.359	🌒	Lluna nova visible
2028-04-29	 4.328	🌒	Lluna nova visible
2028-04-30	 5.311	🌒	Lluna nova visible
2028-05-01	 6.308	🌒	Lluna nova visible
2028-05-02	 7.321	🌓	Cuart creixent
2028-05-03	 8.348	🌔	Lluna gibosa creixent
2028-05-04	 9.389	🌔	Lluna gibosa creixent
2028-05-05	10.439	🌔	Lluna gibosa creixent
2028-05-06	11.493	🌔	Lluna gibosa creixent
2028-05-07	12.543	🌔	Lluna gibosa creixent
2028-05-08	13.581	🌕	Lluna plena
2028-05-09	14.598	🌖	Lluna gibosa minvant
2028-05-10	15.589	🌖	Lluna gibosa minvant
2028-05-11	16.550	🌖	Lluna gibosa minvant
2028-05-12	17.481	🌖	Lluna gibosa minvant
2028-05-13	18.384	🌖	Lluna gibosa minvant
2028-05-14	19.263	🌖	Lluna gibosa minvant
2028-05-15	20.124	🌖	Lluna gibosa minvant
2028-05-16	20.974	🌗	Cuarto minvant
2028-05-17	21.820	🌘	Lluna minvant
2028-05-18	22.667	🌘	Lluna minvant
2028-05-19	23.523	🌘	Lluna minvant
2028-05-20	24.393	🌘	Lluna minvant
2028-05-21	25.281	🌘	Lluna minvant
2028-05-22	26.189	🌘	Lluna minvant
2028-05-23	27.118	🌘	Lluna minvant
2028-05-24	 0.069	🌑	Lluna nova
2028-05-25	 1.038	🌒	Lluna nova visible
2028-05-26	 2.024	🌒	Lluna nova visible
2028-05-27	 3.024	🌒	Lluna nova visible
2028-05-28	 4.034	🌒	Lluna nova visible
2028-05-29	 5.051	🌒	Lluna nova visible
2028-05-30	 6.075	🌒	Lluna nova visible
2028-05-31	 7.102	🌓	Cuart creixent
2028-06-01	 8.131	🌔	Lluna gibosa creixent
2028-06-02	 9.160	🌔	Lluna gibosa creixent
2028-06-03	10.184	🌔	Lluna gibosa creixent
2028-06-04	11.200	🌔	Lluna gibosa creixent
2028-06-05	12.203	🌔	Lluna gibosa creixent
2028-06-06	13.188	🌔	Lluna gibosa creixent
2028-06-07	14.153	🌕	Lluna plena
2028-06-08	15.095	🌖	Lluna gibosa minvant
2028-06-09	16.013	🌖	Lluna gibosa minvant
2028-06-10	16.909	🌖	Lluna gibosa minvant
2028-06-11	17.786	🌖	Lluna gibosa minvant
2028-06-12	18.647	🌖	Lluna gibosa minvant
2028-06-13	19.499	🌖	Lluna gibosa minvant
2028-06-14	20.347	🌖	Lluna gibosa minvant
2028-06-15	21.196	🌗	Cuarto minvant
2028-06-16	22.055	🌘	Lluna minvant
2028-06-17	22.928	🌘	Lluna minvant
2028-06-18	23.821	🌘	Lluna minvant
2028-06-19	24.737	🌘	Lluna minvant
2028-06-20	25.680	🌘	Lluna minvant
2028-06-21	26.649	🌘	Lluna minvant
2028-06-22	27.644	🌑	Lluna nova
2028-06-23	 0.660	🌒	Lluna nova visible
2028-06-24	 1.693	🌒	Lluna nova visible
2028-06-25	 2.737	🌒	Lluna nova visible
2028-06-26	 3.786	🌒	Lluna nova visible
2028-06-27	 4.834	🌒	Lluna nova visible
2028-06-28	 5.875	🌒	Lluna nova visible
2028-06-29	 6.907	🌓	Cuart creixent
2028-06-30	 7.926	🌔	Lluna gibosa creixent
2028-07-01	 8.930	🌔	Lluna gibosa creixent
2028-07-02	 9.918	🌔	Lluna gibosa creixent
2028-07-03	10.888	🌔	Lluna gibosa creixent
2028-07-04	11.841	🌔	Lluna gibosa creixent
2028-07-05	12.775	🌔	Lluna gibosa creixent
2028-07-06	13.691	🌕	Lluna plena
2028-07-07	14.590	🌖	Lluna gibosa minvant
2028-07-08	15.473	🌖	Lluna gibosa minvant
2028-07-09	16.341	🌖	Lluna gibosa minvant
2028-07-10	17.199	🌖	Lluna gibosa minvant
2028-07-11	18.049	🌖	Lluna gibosa minvant
2028-07-12	18.896	🌖	Lluna gibosa minvant
2028-07-13	19.746	🌖	Lluna gibosa minvant
2028-07-14	20.604	🌗	Cuarto minvant
2028-07-15	21.476	🌘	Lluna minvant
2028-07-16	22.367	🌘	Lluna minvant
2028-07-17	23.284	🌘	Lluna minvant
2028-07-18	24.229	🌘	Lluna minvant
2028-07-19	25.205	🌘	Lluna minvant
2028-07-20	26.213	🌘	Lluna minvant
2028-07-21	27.249	🌘	Lluna minvant
2028-07-22	 0.310	🌑	Lluna nova
2028-07-23	 1.385	🌒	Lluna nova visible
2028-07-24	 2.467	🌒	Lluna nova visible
2028-07-25	 3.545	🌒	Lluna nova visible
2028-07-26	 4.610	🌒	Lluna nova visible
2028-07-27	 5.656	🌒	Lluna nova visible
2028-07-28	 6.678	🌓	Cuart creixent
2028-07-29	 7.675	🌔	Lluna gibosa creixent
2028-07-30	 8.646	🌔	Lluna gibosa creixent
2028-07-31	 9.594	🌔	Lluna gibosa creixent
2028-08-01	10.521	🌔	Lluna gibosa creixent
2028-08-02	11.428	🌔	Lluna gibosa creixent
2028-08-03	12.320	🌔	Lluna gibosa creixent
2028-08-04	13.199	🌔	Lluna gibosa creixent
2028-08-05	14.066	🌕	Lluna plena
2028-08-06	14.924	🌖	Lluna gibosa minvant
2028-08-07	15.775	🌖	Lluna gibosa minvant
2028-08-08	16.623	🌖	Lluna gibosa minvant
2028-08-09	17.470	🌖	Lluna gibosa minvant
2028-08-10	18.320	🌖	Lluna gibosa minvant
2028-08-11	19.177	🌖	Lluna gibosa minvant
2028-08-12	20.047	🌖	Lluna gibosa minvant
2028-08-13	20.934	🌗	Cuarto minvant
2028-08-14	21.844	🌘	Lluna minvant
2028-08-15	22.783	🌘	Lluna minvant
2028-08-16	23.754	🌘	Lluna minvant
2028-08-17	24.760	🌘	Lluna minvant
2028-08-18	25.801	🌘	Lluna minvant
2028-08-19	26.872	🌘	Lluna minvant
2028-08-20	27.966	🌑	Lluna nova
2028-08-21	 1.072	🌒	Lluna nova visible
2028-08-22	 2.176	🌒	Lluna nova visible
2028-08-23	 3.266	🌒	Lluna nova visible
2028-08-24	 4.332	🌒	Lluna nova visible
2028-08-25	 5.367	🌒	Lluna nova visible
2028-08-26	 6.367	🌒	Lluna nova visible
2028-08-27	 7.335	🌓	Cuart creixent
2028-08-28	 8.271	🌔	Lluna gibosa creixent
2028-08-29	 9.182	🌔	Lluna gibosa creixent
2028-08-30	10.072	🌔	Lluna gibosa creixent
2028-08-31	10.946	🌔	Lluna gibosa creixent
2028-09-01	11.809	🌔	Lluna gibosa creixent
2028-09-02	12.663	🌔	Lluna gibosa creixent
2028-09-03	13.513	🌔	Lluna gibosa creixent
2028-09-04	14.360	🌕	Lluna plena
2028-09-05	15.207	🌖	Lluna gibosa minvant
2028-09-06	16.055	🌖	Lluna gibosa minvant
2028-09-07	16.908	🌖	Lluna gibosa minvant
2028-09-08	17.769	🌖	Lluna gibosa minvant
2028-09-09	18.640	🌖	Lluna gibosa minvant
2028-09-10	19.525	🌖	Lluna gibosa minvant
2028-09-11	20.431	🌖	Lluna gibosa minvant
2028-09-12	21.361	🌗	Cuarto minvant
2028-09-13	22.321	🌘	Lluna minvant
2028-09-14	23.315	🌘	Lluna minvant
2028-09-15	24.344	🌘	Lluna minvant
2028-09-16	25.408	🌘	Lluna minvant
2028-09-17	26.499	🌘	Lluna minvant
2028-09-18	27.609	🌑	Lluna nova
2028-09-19	 0.724	🌒	Lluna nova visible
2028-09-20	 1.829	🌒	Lluna nova visible
2028-09-21	 2.910	🌒	Lluna nova visible
2028-09-22	 3.959	🌒	Lluna nova visible
2028-09-23	 4.969	🌒	Lluna nova visible
2028-09-24	 5.942	🌒	Lluna nova visible
2028-09-25	 6.878	🌓	Cuart creixent
2028-09-26	 7.785	🌔	Lluna gibosa creixent
2028-09-27	 8.667	🌔	Lluna gibosa creixent
2028-09-28	 9.532	🌔	Lluna gibosa creixent
2028-09-29	10.386	🌔	Lluna gibosa creixent
2028-09-30	11.232	🌔	Lluna gibosa creixent
2028-10-01	12.077	🌔	Lluna gibosa creixent
2028-10-02	12.923	🌔	Lluna gibosa creixent
2028-10-03	13.772	🌕	Lluna plena
2028-10-04	14.626	🌖	Lluna gibosa minvant
2028-10-05	15.488	🌖	Lluna gibosa minvant
2028-10-06	16.358	🌖	Lluna gibosa minvant
2028-10-07	17.238	🌖	Lluna gibosa minvant
2028-10-08	18.131	🌖	Lluna gibosa minvant
2028-10-09	19.039	🌖	Lluna gibosa minvant
2028-10-10	19.968	🌖	Lluna gibosa minvant
2028-10-11	20.921	🌗	Cuarto minvant
2028-10-12	21.902	🌘	Lluna minvant
2028-10-13	22.914	🌘	Lluna minvant
2028-10-14	23.957	🌘	Lluna minvant
2028-10-15	25.029	🌘	Lluna minvant
2028-10-16	26.121	🌘	Lluna minvant
2028-10-17	27.223	🌘	Lluna minvant
2028-10-18	 0.321	🌑	Lluna nova
2028-10-19	 1.402	🌒	Lluna nova visible
2028-10-20	 2.455	🌒	Lluna nova visible
2028-10-21	 3.472	🌒	Lluna nova visible
2028-10-22	 4.451	🌒	Lluna nova visible
2028-10-23	 5.393	🌒	Lluna nova visible
2028-10-24	 6.303	🌒	Lluna nova visible
2028-10-25	 7.186	🌓	Cuart creixent
2028-10-26	 8.050	🌔	Lluna gibosa creixent
2028-10-27	 8.900	🌔	Lluna gibosa creixent
2028-10-28	 9.745	🌔	Lluna gibosa creixent
2028-10-29	10.623	🌔	Lluna gibosa creixent
2028-10-30	11.470	🌔	Lluna gibosa creixent
2028-10-31	12.324	🌔	Lluna gibosa creixent
2028-11-01	13.188	🌔	Lluna gibosa creixent
2028-11-02	14.062	🌕	Lluna plena
2028-11-03	14.949	🌖	Lluna gibosa minvant
2028-11-04	15.847	🌖	Lluna gibosa minvant
2028-11-05	16.759	🌖	Lluna gibosa minvant
2028-11-06	17.685	🌖	Lluna gibosa minvant
2028-11-07	18.627	🌖	Lluna gibosa minvant
2028-11-08	19.587	🌖	Lluna gibosa minvant
2028-11-09	20.567	🌗	Cuarto minvant
2028-11-10	21.569	🌘	Lluna minvant
2028-11-11	22.594	🌘	Lluna minvant
2028-11-12	23.639	🌘	Lluna minvant
2028-11-13	24.701	🌘	Lluna minvant
2028-11-14	25.772	🌘	Lluna minvant
2028-11-15	26.841	🌘	Lluna minvant
2028-11-16	27.899	🌑	Lluna nova
2028-11-17	 0.936	🌒	Lluna nova visible
2028-11-18	 1.944	🌒	Lluna nova visible
2028-11-19	 2.921	🌒	Lluna nova visible
2028-11-20	 3.864	🌒	Lluna nova visible
2028-11-21	 4.776	🌒	Lluna nova visible
2028-11-22	 5.662	🌒	Lluna nova visible
2028-11-23	 6.528	🌒	Lluna nova visible
2028-11-24	 7.380	🌓	Cuart creixent
2028-11-25	 8.225	🌔	Lluna gibosa creixent
2028-11-26	 9.069	🌔	Lluna gibosa creixent
2028-11-27	 9.917	🌔	Lluna gibosa creixent
2028-11-28	10.775	🌔	Lluna gibosa creixent
2028-11-29	11.647	🌔	Lluna gibosa creixent
2028-11-30	12.534	🌔	Lluna gibosa creixent
2028-12-01	13.438	🌔	Lluna gibosa creixent
2028-12-02	14.360	🌕	Lluna plena
2028-12-03	15.299	🌖	Lluna gibosa minvant
2028-12-04	16.253	🌖	Lluna gibosa minvant
2028-12-05	17.223	🌖	Lluna gibosa minvant
2028-12-06	18.206	🌖	Lluna gibosa minvant
2028-12-07	19.202	🌖	Lluna gibosa minvant
2028-12-08	20.209	🌖	Lluna gibosa minvant
2028-12-09	21.228	🌗	Cuarto minvant
2028-12-10	22.255	🌘	Lluna minvant
2028-12-11	23.287	🌘	Lluna minvant
2028-12-12	24.321	🌘	Lluna minvant
2028-12-13	25.352	🌘	Lluna minvant
2028-12-14	26.372	🌘	Lluna minvant
2028-12-15	27.377	🌘	Lluna minvant
2028-12-16	 0.362	🌑	Lluna nova
2028-12-17	 1.322	🌒	Lluna nova visible
2028-12-18	 2.257	🌒	Lluna nova visible
2028-12-19	 3.167	🌒	Lluna nova visible
2028-12-20	 4.054	🌒	Lluna nova visible
2028-12-21	 4.922	🌒	Lluna nova visible
2028-12-22	 5.776	🌒	Lluna nova visible
2028-12-23	 6.622	🌓	Cuart creixent
2028-12-24	 7.466	🌔	Lluna gibosa creixent
2028-12-25	 8.314	🌔	Lluna gibosa creixent
2028-12-26	 9.172	🌔	Lluna gibosa creixent
2028-12-27	10.046	🌔	Lluna gibosa creixent
2028-12-28	10.940	🌔	Lluna gibosa creixent
2028-12-29	11.857	🌔	Lluna gibosa creixent
2028-12-30	12.797	🌔	Lluna gibosa creixent
2028-12-31	13.763	🌕	Lluna plena
2029-01-01	14.750	🌖	Lluna gibosa minvant
2029-01-02	15.756	🌖	Lluna gibosa minvant
2029-01-03	16.776	🌖	Lluna gibosa minvant
2029-01-04	17.805	🌖	Lluna gibosa minvant
2029-01-05	18.837	🌖	Lluna gibosa minvant
2029-01-06	19.869	🌖	Lluna gibosa minvant
2029-01-07	20.896	🌗	Cuarto minvant
2029-01-08	21.914	🌘	Lluna minvant
2029-01-09	22.923	🌘	Lluna minvant
2029-01-10	23.919	🌘	Lluna minvant
2029-01-11	24.902	🌘	Lluna minvant
2029-01-12	25.869	🌘	Lluna minvant
2029-01-13	26.820	🌘	Lluna minvant
2029-01-14	27.753	🌑	Lluna nova
2029-01-15	 0.669	🌒	Lluna nova visible
2029-01-16	 1.566	🌒	Lluna nova visible
2029-01-17	 2.447	🌒	Lluna nova visible
2029-01-18	 3.312	🌒	Lluna nova visible
2029-01-19	 4.166	🌒	Lluna nova visible
2029-01-20	 5.012	🌒	Lluna nova visible
2029-01-21	 5.856	🌒	Lluna nova visible
2029-01-22	 6.702	🌓	Cuart creixent
2029-01-23	 7.557	🌔	Lluna gibosa creixent
2029-01-24	 8.428	🌔	Lluna gibosa creixent
2029-01-25	 9.320	🌔	Lluna gibosa creixent
2029-01-26	10.238	🌔	Lluna gibosa creixent
2029-01-27	11.186	🌔	Lluna gibosa creixent
2029-01-28	12.166	🌔	Lluna gibosa creixent
2029-01-29	13.177	🌔	Lluna gibosa creixent
2029-01-30	14.215	🌕	Lluna plena
2029-01-31	15.273	🌖	Lluna gibosa minvant
2029-02-01	16.342	🌖	Lluna gibosa minvant
2029-02-02	17.412	🌖	Lluna gibosa minvant
2029-02-03	18.473	🌖	Lluna gibosa minvant
2029-02-04	19.518	🌖	Lluna gibosa minvant
2029-02-05	20.543	🌗	Cuarto minvant
2029-02-06	21.545	🌘	Lluna minvant
2029-02-07	22.524	🌘	Lluna minvant
2029-02-08	23.481	🌘	Lluna minvant
2029-02-09	24.419	🌘	Lluna minvant
2029-02-10	25.339	🌘	Lluna minvant
2029-02-11	26.245	🌘	Lluna minvant
2029-02-12	27.137	🌘	Lluna minvant
2029-02-13	 0.017	🌑	Lluna nova
2029-02-14	 0.886	🌒	Lluna nova visible
2029-02-15	 1.744	🌒	Lluna nova visible
2029-02-16	 2.595	🌒	Lluna nova visible
2029-02-17	 3.440	🌒	Lluna nova visible
2029-02-18	 4.284	🌒	Lluna nova visible
2029-02-19	 5.129	🌒	Lluna nova visible
2029-02-20	 5.981	🌒	Lluna nova visible
2029-02-21	 6.848	🌓	Cuart creixent
2029-02-22	 7.733	🌔	Lluna gibosa creixent
2029-02-23	 8.645	🌔	Lluna gibosa creixent
2029-02-24	 9.589	🌔	Lluna gibosa creixent
2029-02-25	10.568	🌔	Lluna gibosa creixent
2029-02-26	11.585	🌔	Lluna gibosa creixent
2029-02-27	12.638	🌔	Lluna gibosa creixent
2029-02-28	13.718	🌕	Lluna plena
2029-03-01	14.817	🌖	Lluna gibosa minvant
2029-03-02	15.921	🌖	Lluna gibosa minvant
2029-03-03	17.015	🌖	Lluna gibosa minvant
2029-03-04	18.089	🌖	Lluna gibosa minvant
2029-03-05	19.134	🌖	Lluna gibosa minvant
2029-03-06	20.146	🌖	Lluna gibosa minvant
2029-03-07	21.126	🌗	Cuarto minvant
2029-03-08	22.076	🌘	Lluna minvant
2029-03-09	23.000	🌘	Lluna minvant
2029-03-10	23.903	🌘	Lluna minvant
2029-03-11	24.790	🌘	Lluna minvant
2029-03-12	25.664	🌘	Lluna minvant
2029-03-13	26.528	🌘	Lluna minvant
2029-03-14	27.385	🌘	Lluna minvant
2029-03-15	 0.236	🌑	Lluna nova
2029-03-16	 1.083	🌒	Lluna nova visible
2029-03-17	 1.929	🌒	Lluna nova visible
2029-03-18	 2.774	🌒	Lluna nova visible
2029-03-19	 3.622	🌒	Lluna nova visible
2029-03-20	 4.476	🌒	Lluna nova visible
2029-03-21	 5.342	🌒	Lluna nova visible
2029-03-22	 6.225	🌒	Lluna nova visible
2029-03-23	 7.131	🌓	Cuart creixent
2029-03-24	 8.067	🌔	Lluna gibosa creixent
2029-03-25	 8.997	🌔	Lluna gibosa creixent
2029-03-26	10.004	🌔	Lluna gibosa creixent
2029-03-27	11.049	🌔	Lluna gibosa creixent
2029-03-28	12.129	🌔	Lluna gibosa creixent
2029-03-29	13.234	🌔	Lluna gibosa creixent
2029-03-30	14.352	🌕	Lluna plena
2029-03-31	15.467	🌖	Lluna gibosa minvant
2029-04-01	16.563	🌖	Lluna gibosa minvant
2029-04-02	17.631	🌖	Lluna gibosa minvant
2029-04-03	18.663	🌖	Lluna gibosa minvant
2029-04-04	19.657	🌖	Lluna gibosa minvant
2029-04-05	20.615	🌗	Cuarto minvant
2029-04-06	21.542	🌘	Lluna minvant
2029-04-07	22.443	🌘	Lluna minvant
2029-04-08	23.323	🌘	Lluna minvant
2029-04-09	24.189	🌘	Lluna minvant
2029-04-10	25.045	🌘	Lluna minvant
2029-04-11	25.895	🌘	Lluna minvant
2029-04-12	26.741	🌘	Lluna minvant
2029-04-13	27.588	🌑	Lluna nova
2029-04-14	 0.435	🌒	Lluna nova visible
2029-04-15	 1.286	🌒	Lluna nova visible
2029-04-16	 2.142	🌒	Lluna nova visible
2029-04-17	 3.005	🌒	Lluna nova visible
2029-04-18	 3.879	🌒	Lluna nova visible
2029-04-19	 4.767	🌒	Lluna nova visible
2029-04-20	 5.676	🌒	Lluna nova visible
2029-04-21	 6.609	🌓	Cuart creixent
2029-04-22	 7.572	🌔	Lluna gibosa creixent
2029-04-23	 8.568	🌔	Lluna gibosa creixent
2029-04-24	 9.599	🌔	Lluna gibosa creixent
2029-04-25	10.663	🌔	Lluna gibosa creixent
2029-04-26	11.754	🌔	Lluna gibosa creixent
2029-04-27	12.861	🌔	Lluna gibosa creixent
2029-04-28	13.971	🌕	Lluna plena
2029-04-29	15.070	🌖	Lluna gibosa minvant
2029-04-30	16.146	🌖	Lluna gibosa minvant
2029-05-01	17.189	🌖	Lluna gibosa minvant
2029-05-02	18.195	🌖	Lluna gibosa minvant
2029-05-03	19.165	🌖	Lluna gibosa minvant
2029-05-04	20.101	🌖	Lluna gibosa minvant
2029-05-05	21.007	🌗	Cuarto minvant
2029-05-06	21.890	🌘	Lluna minvant
2029-05-07	22.756	🌘	Lluna minvant
2029-05-08	23.611	🌘	Lluna minvant
2029-05-09	24.459	🌘	Lluna minvant
2029-05-10	25.305	🌘	Lluna minvant
2029-05-11	26.154	🌘	Lluna minvant
2029-05-12	27.007	🌘	Lluna minvant
2029-05-13	27.866	🌑	Lluna nova
2029-05-14	 0.735	🌒	Lluna nova visible
2029-05-15	 1.614	🌒	Lluna nova visible
2029-05-16	 2.505	🌒	Lluna nova visible
2029-05-17	 3.411	🌒	Lluna nova visible
2029-05-18	 4.335	🌒	Lluna nova visible
2029-05-19	 5.279	🌒	Lluna nova visible
2029-05-20	 6.246	🌒	Lluna nova visible
2029-05-21	 7.239	🌓	Cuart creixent
2029-05-22	 8.259	🌔	Lluna gibosa creixent
2029-05-23	 9.304	🌔	Lluna gibosa creixent
2029-05-24	10.370	🌔	Lluna gibosa creixent
2029-05-25	11.451	🌔	Lluna gibosa creixent
2029-05-26	12.536	🌔	Lluna gibosa creixent
2029-05-27	13.615	🌕	Lluna plena
2029-05-28	14.678	🌖	Lluna gibosa minvant
2029-05-29	15.716	🌖	Lluna gibosa minvant
2029-05-30	16.723	🌖	Lluna gibosa minvant
2029-05-31	17.698	🌖	Lluna gibosa minvant
2029-06-01	18.640	🌖	Lluna gibosa minvant
2029-06-02	19.554	🌖	Lluna gibosa minvant
2029-06-03	20.443	🌖	Lluna gibosa minvant
2029-06-04	21.313	🌗	Cuarto minvant
2029-06-05	22.170	🌘	Lluna minvant
2029-06-06	23.020	🌘	Lluna minvant
2029-06-07	23.869	🌘	Lluna minvant
2029-06-08	24.720	🌘	Lluna minvant
2029-06-09	25.579	🌘	Lluna minvant
2029-06-10	26.450	🌘	Lluna minvant
2029-06-11	27.333	🌘	Lluna minvant
2029-06-12	 0.232	🌑	Lluna nova
2029-06-13	 1.147	🌒	Lluna nova visible
2029-06-14	 2.079	🌒	Lluna nova visible
2029-06-15	 3.029	🌒	Lluna nova visible
2029-06-16	 3.997	🌒	Lluna nova visible
2029-06-17	 4.982	🌒	Lluna nova visible
2029-06-18	 5.985	🌒	Lluna nova visible
2029-06-19	 7.004	🌓	Cuart creixent
2029-06-20	 8.037	🌔	Lluna gibosa creixent
2029-06-21	 9.081	🌔	Lluna gibosa creixent
2029-06-22	10.131	🌔	Lluna gibosa creixent
2029-06-23	11.183	🌔	Lluna gibosa creixent
2029-06-24	12.229	🌔	Lluna gibosa creixent
2029-06-25	13.262	🌔	Lluna gibosa creixent
2029-06-26	14.278	🌕	Lluna plena
2029-06-27	15.271	🌖	Lluna gibosa minvant
2029-06-28	16.237	🌖	Lluna gibosa minvant
2029-06-29	17.178	🌖	Lluna gibosa minvant
2029-06-30	18.092	🌖	Lluna gibosa minvant
2029-07-01	18.984	🌖	Lluna gibosa minvant
2029-07-02	19.857	🌖	Lluna gibosa minvant
2029-07-03	20.717	🌗	Cuarto minvant
2029-07-04	21.568	🌘	Lluna minvant
2029-07-05	22.418	🌘	Lluna minvant
2029-07-06	23.272	🌘	Lluna minvant
2029-07-07	24.136	🌘	Lluna minvant
2029-07-08	25.014	🌘	Lluna minvant
2029-07-09	25.910	🌘	Lluna minvant
2029-07-10	26.827	🌘	Lluna minvant
2029-07-11	27.767	🌑	Lluna nova
2029-07-12	 0.729	🌒	Lluna nova visible
2029-07-13	 1.712	🌒	Lluna nova visible
2029-07-14	 2.713	🌒	Lluna nova visible
2029-07-15	 3.728	🌒	Lluna nova visible
2029-07-16	 4.753	🌒	Lluna nova visible
2029-07-17	 5.784	🌒	Lluna nova visible
2029-07-18	 6.817	🌓	Cuart creixent
2029-07-19	 7.849	🌔	Lluna gibosa creixent
2029-07-20	 8.876	🌔	Lluna gibosa creixent
2029-07-21	 9.897	🌔	Lluna gibosa creixent
2029-07-22	10.907	🌔	Lluna gibosa creixent
2029-07-23	11.906	🌔	Lluna gibosa creixent
2029-07-24	12.890	🌔	Lluna gibosa creixent
2029-07-25	13.856	🌕	Lluna plena
2029-07-26	14.804	🌖	Lluna gibosa minvant
2029-07-27	15.731	🌖	Lluna gibosa minvant
2029-07-28	16.638	🌖	Lluna gibosa minvant
2029-07-29	17.526	🌖	Lluna gibosa minvant
2029-07-30	18.397	🌖	Lluna gibosa minvant
2029-07-31	19.255	🌖	Lluna gibosa minvant
2029-08-01	20.106	🌖	Lluna gibosa minvant
2029-08-02	20.955	🌗	Cuarto minvant
2029-08-03	21.808	🌘	Lluna minvant
2029-08-04	22.672	🌘	Lluna minvant
2029-08-05	23.552	🌘	Lluna minvant
2029-08-06	24.454	🌘	Lluna minvant
2029-08-07	25.383	🌘	Lluna minvant
2029-08-08	26.342	🌘	Lluna minvant
2029-08-09	27.329	🌘	Lluna minvant
2029-08-10	 0.343	🌑	Lluna nova
2029-08-11	 1.380	🌒	Lluna nova visible
2029-08-12	 2.430	🌒	Lluna nova visible
2029-08-13	 3.487	🌒	Lluna nova visible
2029-08-14	 4.541	🌒	Lluna nova visible
2029-08-15	 5.587	🌒	Lluna nova visible
2029-08-16	 6.620	🌓	Cuart creixent
2029-08-17	 7.636	🌔	Lluna gibosa creixent
2029-08-18	 8.636	🌔	Lluna gibosa creixent
2029-08-19	 9.620	🌔	Lluna gibosa creixent
2029-08-20	10.587	🌔	Lluna gibosa creixent
2029-08-21	11.539	🌔	Lluna gibosa creixent
2029-08-22	12.477	🌔	Lluna gibosa creixent
2029-08-23	13.399	🌔	Lluna gibosa creixent
2029-08-24	14.306	🌕	Lluna plena
2029-08-25	15.198	🌖	Lluna gibosa minvant
2029-08-26	16.075	🌖	Lluna gibosa minvant
2029-08-27	16.940	🌖	Lluna gibosa minvant
2029-08-28	17.794	🌖	Lluna gibosa minvant
2029-08-29	18.641	🌖	Lluna gibosa minvant
2029-08-30	19.487	🌖	Lluna gibosa minvant
2029-08-31	20.336	🌖	Lluna gibosa minvant
2029-09-01	21.196	🌗	Cuarto minvant
2029-09-02	22.073	🌘	Lluna minvant
2029-09-03	22.974	🌘	Lluna minvant
2029-09-04	23.904	🌘	Lluna minvant
2029-09-05	24.869	🌘	Lluna minvant
2029-09-06	25.870	🌘	Lluna minvant
2029-09-07	26.904	🌘	Lluna minvant
2029-09-08	27.967	🌑	Lluna nova
2029-09-09	 1.048	🌒	Lluna nova visible
2029-09-10	 2.137	🌒	Lluna nova visible
2029-09-11	 3.220	🌒	Lluna nova visible
2029-09-12	 4.289	🌒	Lluna nova visible
2029-09-13	 5.335	🌒	Lluna nova visible
2029-09-14	 6.355	🌒	Lluna nova visible
2029-09-15	 7.349	🌓	Cuart creixent
2029-09-16	 8.318	🌔	Lluna gibosa creixent
2029-09-17	 9.266	🌔	Lluna gibosa creixent
2029-09-18	10.194	🌔	Lluna gibosa creixent
2029-09-19	11.106	🌔	Lluna gibosa creixent
2029-09-20	12.004	🌔	Lluna gibosa creixent
2029-09-21	12.890	🌔	Lluna gibosa creixent
2029-09-22	13.765	🌕	Lluna plena
2029-09-23	14.629	🌖	Lluna gibosa minvant
2029-09-24	15.485	🌖	Lluna gibosa minvant
2029-09-25	16.333	🌖	Lluna gibosa minvant
2029-09-26	17.177	🌖	Lluna gibosa minvant
2029-09-27	18.020	🌖	Lluna gibosa minvant
2029-09-28	18.866	🌖	Lluna gibosa minvant
2029-09-29	19.723	🌖	Lluna gibosa minvant
2029-09-30	20.595	🌗	Cuarto minvant
2029-10-01	21.490	🌘	Lluna minvant
2029-10-02	22.414	🌘	Lluna minvant
2029-10-03	23.373	🌘	Lluna minvant
2029-10-04	24.371	🌘	Lluna minvant
2029-10-05	25.407	🌘	Lluna minvant
2029-10-06	26.477	🌘	Lluna minvant
2029-10-07	27.573	🌑	Lluna nova
2029-10-08	 0.682	🌒	Lluna nova visible
2029-10-09	 1.789	🌒	Lluna nova visible
2029-10-10	 2.881	🌒	Lluna nova visible
2029-10-11	 3.948	🌒	Lluna nova visible
2029-10-12	 4.983	🌒	Lluna nova visible
2029-10-13	 5.984	🌒	Lluna nova visible
2029-10-14	 6.954	🌓	Cuart creixent
2029-10-15	 7.895	🌔	Lluna gibosa creixent
2029-10-16	 8.812	🌔	Lluna gibosa creixent
2029-10-17	 9.709	🌔	Lluna gibosa creixent
2029-10-18	10.590	🌔	Lluna gibosa creixent
2029-10-19	11.459	🌔	Lluna gibosa creixent
2029-10-20	12.319	🌔	Lluna gibosa creixent
2029-10-21	13.171	🌔	Lluna gibosa creixent
2029-10-22	14.019	🌕	Lluna plena
2029-10-23	14.863	🌖	Lluna gibosa minvant
2029-10-24	15.706	🌖	Lluna gibosa minvant
2029-10-25	16.550	🌖	Lluna gibosa minvant
2029-10-26	17.399	🌖	Lluna gibosa minvant
2029-10-27	18.257	🌖	Lluna gibosa minvant
2029-10-28	19.166	🌖	Lluna gibosa minvant
2029-10-29	20.059	🌖	Lluna gibosa minvant
2029-10-30	20.979	🌗	Cuarto minvant
2029-10-31	21.930	🌘	Lluna minvant
2029-11-01	22.916	🌘	Lluna minvant
2029-11-02	23.940	🌘	Lluna minvant
2029-11-03	24.999	🌘	Lluna minvant
2029-11-04	26.087	🌘	Lluna minvant
2029-11-05	27.194	🌘	Lluna minvant
2029-11-06	 0.305	🌑	Lluna nova
2029-11-07	 1.407	🌒	Lluna nova visible
2029-11-08	 2.487	🌒	Lluna nova visible
2029-11-09	 3.537	🌒	Lluna nova visible
2029-11-10	 4.553	🌒	Lluna nova visible
2029-11-11	 5.532	🌒	Lluna nova visible
2029-11-12	 6.478	🌒	Lluna nova visible
2029-11-13	 7.394	🌓	Cuart creixent
2029-11-14	 8.286	🌔	Lluna gibosa creixent
2029-11-15	 9.159	🌔	Lluna gibosa creixent
2029-11-16	10.018	🌔	Lluna gibosa creixent
2029-11-17	10.868	🌔	Lluna gibosa creixent
2029-11-18	11.713	🌔	Lluna gibosa creixent
2029-11-19	12.556	🌔	Lluna gibosa creixent
2029-11-20	13.399	🌔	Lluna gibosa creixent
2029-11-21	14.245	🌕	Lluna plena
2029-11-22	15.097	🌖	Lluna gibosa minvant
2029-11-23	15.957	🌖	Lluna gibosa minvant
2029-11-24	16.827	🌖	Lluna gibosa minvant
2029-11-25	17.711	🌖	Lluna gibosa minvant
2029-11-26	18.613	🌖	Lluna gibosa minvant
2029-11-27	19.535	🌖	Lluna gibosa minvant
2029-11-28	20.483	🌖	Lluna gibosa minvant
2029-11-29	21.459	🌗	Cuarto minvant
2029-11-30	22.465	🌘	Lluna minvant
2029-12-01	23.500	🌘	Lluna minvant
2029-12-02	24.562	🌘	Lluna minvant
2029-12-03	25.643	🌘	Lluna minvant
2029-12-04	26.735	🌘	Lluna minvant
2029-12-05	27.825	🌑	Lluna nova
2029-12-06	 0.902	🌒	Lluna nova visible
2029-12-07	 1.956	🌒	Lluna nova visible
2029-12-08	 2.981	🌒	Lluna nova visible
2029-12-09	 3.972	🌒	Lluna nova visible
2029-12-10	 4.928	🌒	Lluna nova visible
2029-12-11	 5.852	🌒	Lluna nova visible
2029-12-12	 6.749	🌓	Cuart creixent
2029-12-13	 7.623	🌔	Lluna gibosa creixent
2029-12-14	 8.480	🌔	Lluna gibosa creixent
2029-12-15	 9.327	🌔	Lluna gibosa creixent
2029-12-16	10.168	🌔	Lluna gibosa creixent
2029-12-17	11.009	🌔	Lluna gibosa creixent
2029-12-18	11.854	🌔	Lluna gibosa creixent
2029-12-19	12.708	🌔	Lluna gibosa creixent
2029-12-20	13.571	🌕	Lluna plena
2029-12-21	14.448	🌖	Lluna gibosa minvant
2029-12-22	15.339	🌖	Lluna gibosa minvant
2029-12-23	16.246	🌖	Lluna gibosa minvant
2029-12-24	17.170	🌖	Lluna gibosa minvant
2029-12-25	18.112	🌖	Lluna gibosa minvant
2029-12-26	19.072	🌖	Lluna gibosa minvant
2029-12-27	20.051	🌖	Lluna gibosa minvant
2029-12-28	21.049	🌗	Cuarto minvant
2029-12-29	22.066	🌘	Lluna minvant
2029-12-30	23.100	🌘	Lluna minvant
2029-12-31	24.148	🌘	Lluna minvant
2030-01-01	25.204	🌘	Lluna minvant
2030-01-02	26.261	🌘	Lluna minvant
2030-01-03	27.313	🌘	Lluna minvant
2030-01-04	 0.351	🌑	Lluna nova
2030-01-05	 1.368	🌒	Lluna nova visible
2030-01-06	 2.358	🌒	Lluna nova visible
2030-01-07	 3.318	🌒	Lluna nova visible
2030-01-08	 4.249	🌒	Lluna nova visible
2030-01-09	 5.151	🌒	Lluna nova visible
2030-01-10	 6.030	🌒	Lluna nova visible
2030-01-11	 6.890	🌓	Cuart creixent
2030-01-12	 7.737	🌔	Lluna gibosa creixent
2030-01-13	 8.577	🌔	Lluna gibosa creixent
2030-01-14	 9.418	🌔	Lluna gibosa creixent
2030-01-15	10.266	🌔	Lluna gibosa creixent
2030-01-16	11.125	🌔	Lluna gibosa creixent
2030-01-17	12.000	🌔	Lluna gibosa creixent
2030-01-18	12.895	🌔	Lluna gibosa creixent
2030-01-19	13.810	🌕	Lluna plena
2030-01-20	14.746	🌖	Lluna gibosa minvant
2030-01-21	15.703	🌖	Lluna gibosa minvant
2030-01-22	16.677	🌖	Lluna gibosa minvant
2030-01-23	17.667	🌖	Lluna gibosa minvant
2030-01-24	18.667	🌖	Lluna gibosa minvant
2030-01-25	19.677	🌖	Lluna gibosa minvant
2030-01-26	20.692	🌗	Cuarto minvant
2030-01-27	21.712	🌘	Lluna minvant
2030-01-28	22.734	🌘	Lluna minvant
2030-01-29	23.757	🌘	Lluna minvant
2030-01-30	24.778	🌘	Lluna minvant
2030-01-31	25.793	🌘	Lluna minvant
2030-02-01	26.799	🌘	Lluna minvant
2030-02-02	27.790	🌑	Lluna nova
2030-02-03	 0.763	🌒	Lluna nova visible
2030-02-04	 1.713	🌒	Lluna nova visible
2030-02-05	 2.639	🌒	Lluna nova visible
2030-02-06	 3.541	🌒	Lluna nova visible
2030-02-07	 4.421	🌒	Lluna nova visible
2030-02-08	 5.282	🌒	Lluna nova visible
2030-02-09	 6.130	🌒	Lluna nova visible
2030-02-10	 6.971	🌓	Cuart creixent
2030-02-11	 7.812	🌔	Lluna gibosa creixent
2030-02-12	 8.660	🌔	Lluna gibosa creixent
2030-02-13	 9.521	🌔	Lluna gibosa creixent
2030-02-14	10.403	🌔	Lluna gibosa creixent
2030-02-15	11.309	🌔	Lluna gibosa creixent
2030-02-16	12.243	🌔	Lluna gibosa creixent
2030-02-17	13.205	🌔	Lluna gibosa creixent
2030-02-18	14.194	🌕	Lluna plena
2030-02-19	15.205	🌖	Lluna gibosa minvant
2030-02-20	16.232	🌖	Lluna gibosa minvant
2030-02-21	17.268	🌖	Lluna gibosa minvant
2030-02-22	18.306	🌖	Lluna gibosa minvant
2030-02-23	19.339	🌖	Lluna gibosa minvant
2030-02-24	20.365	🌖	Lluna gibosa minvant
2030-02-25	21.381	🌗	Cuarto minvant
2030-02-26	22.386	🌘	Lluna minvant
2030-02-27	23.381	🌘	Lluna minvant
2030-02-28	24.365	🌘	Lluna minvant
2030-03-01	25.337	🌘	Lluna minvant
2030-03-02	26.296	🌘	Lluna minvant
2030-03-03	27.241	🌘	Lluna minvant
2030-03-04	 0.169	🌑	Lluna nova
2030-03-05	 1.079	🌒	Lluna nova visible
2030-03-06	 1.971	🌒	Lluna nova visible
2030-03-07	 2.845	🌒	Lluna nova visible
2030-03-08	 3.703	🌒	Lluna nova visible
2030-03-09	 4.550	🌒	Lluna nova visible
2030-03-10	 5.391	🌒	Lluna nova visible
2030-03-11	 6.231	🌒	Lluna nova visible
2030-03-12	 7.078	🌓	Cuart creixent
2030-03-13	 7.939	🌔	Lluna gibosa creixent
2030-03-14	 8.821	🌔	Lluna gibosa creixent
2030-03-15	 9.730	🌔	Lluna gibosa creixent
2030-03-16	10.671	🌔	Lluna gibosa creixent
2030-03-17	11.647	🌔	Lluna gibosa creixent
2030-03-18	12.656	🌔	Lluna gibosa creixent
2030-03-19	13.695	🌕	Lluna plena
2030-03-20	14.755	🌖	Lluna gibosa minvant
2030-03-21	15.827	🌖	Lluna gibosa minvant
2030-03-22	16.899	🌖	Lluna gibosa minvant
2030-03-23	17.963	🌖	Lluna gibosa minvant
2030-03-24	19.012	🌖	Lluna gibosa minvant
2030-03-25	20.040	🌖	Lluna gibosa minvant
2030-03-26	21.047	🌗	Cuarto minvant
2030-03-27	22.034	🌘	Lluna minvant
2030-03-28	23.001	🌘	Lluna minvant
2030-03-29	23.950	🌘	Lluna minvant
2030-03-30	24.884	🌘	Lluna minvant
2030-03-31	25.764	🌘	Lluna minvant
2030-04-01	26.668	🌘	Lluna minvant
2030-04-02	27.558	🌘	Lluna minvant
2030-04-03	 0.435	🌑	Lluna nova
2030-04-04	 1.298	🌒	Lluna nova visible
2030-04-05	 2.151	🌒	Lluna nova visible
2030-04-06	 2.995	🌒	Lluna nova visible
2030-04-07	 3.835	🌒	Lluna nova visible
2030-04-08	 4.675	🌒	Lluna nova visible
2030-04-09	 5.522	🌒	Lluna nova visible
2030-04-10	 6.381	🌒	Lluna nova visible
2030-04-11	 7.260	🌓	Cuart creixent
2030-04-12	 8.166	🌔	Lluna gibosa creixent
2030-04-13	 9.104	🌔	Lluna gibosa creixent
2030-04-14	10.078	🌔	Lluna gibosa creixent
2030-04-15	11.089	🌔	Lluna gibosa creixent
2030-04-16	12.136	🌔	Lluna gibosa creixent
2030-04-17	13.211	🌔	Lluna gibosa creixent
2030-04-18	14.305	🌕	Lluna plena
2030-04-19	15.405	🌖	Lluna gibosa minvant
2030-04-20	16.498	🌖	Lluna gibosa minvant
2030-04-21	17.575	🌖	Lluna gibosa minvant
2030-04-22	18.628	🌖	Lluna gibosa minvant
2030-04-23	19.652	🌖	Lluna gibosa minvant
2030-04-24	20.648	🌗	Cuarto minvant
2030-04-25	21.615	🌘	Lluna minvant
2030-04-26	22.558	🌘	Lluna minvant
2030-04-27	23.478	🌘	Lluna minvant
2030-04-28	24.380	🌘	Lluna minvant
2030-04-29	25.265	🌘	Lluna minvant
2030-04-30	26.137	🌘	Lluna minvant
2030-05-01	26.999	🌘	Lluna minvant
2030-05-02	27.851	🌑	Lluna nova
2030-05-03	 0.697	🌒	Lluna nova visible
2030-05-04	 1.539	🌒	Lluna nova visible
2030-05-05	 2.380	🌒	Lluna nova visible
2030-05-06	 3.224	🌒	Lluna nova visible
2030-05-07	 4.075	🌒	Lluna nova visible
2030-05-08	 4.938	🌒	Lluna nova visible
2030-05-09	 5.819	🌒	Lluna nova visible
2030-05-10	 6.723	🌓	Cuart creixent
2030-05-11	 7.657	🌔	Lluna gibosa creixent
2030-05-12	 8.624	🌔	Lluna gibosa creixent
2030-05-13	 9.627	🌔	Lluna gibosa creixent
2030-05-14	10.666	🌔	Lluna gibosa creixent
2030-05-15	11.736	🌔	Lluna gibosa creixent
2030-05-16	12.831	🌔	Lluna gibosa creixent
2030-05-17	13.939	🌕	Lluna plena
2030-05-18	15.047	🌖	Lluna gibosa minvant
2030-05-19	16.143	🌖	Lluna gibosa minvant
2030-05-20	17.217	🌖	Lluna gibosa minvant
2030-05-21	18.261	🌖	Lluna gibosa minvant
2030-05-22	19.272	🌖	Lluna gibosa minvant
2030-05-23	20.250	🌖	Lluna gibosa minvant
2030-05-24	21.196	🌗	Cuarto minvant
2030-05-25	22.114	🌘	Lluna minvant
2030-05-26	23.009	🌘	Lluna minvant
2030-05-27	23.885	🌘	Lluna minvant
2030-05-28	24.746	🌘	Lluna minvant
2030-05-29	25.598	🌘	Lluna minvant
2030-05-30	26.443	🌘	Lluna minvant
2030-05-31	27.285	🌘	Lluna minvant
2030-06-01	 0.128	🌑	Lluna nova
2030-06-02	 0.974	🌒	Lluna nova visible
2030-06-03	 1.826	🌒	Lluna nova visible
2030-06-04	 2.687	🌒	Lluna nova visible
2030-06-05	 3.561	🌒	Lluna nova visible
2030-06-06	 4.451	🌒	Lluna nova visible
2030-06-07	 5.362	🌒	Lluna nova visible
2030-06-08	 6.297	🌒	Lluna nova visible
2030-06-09	 7.259	🌓	Cuart creixent
2030-06-10	 8.252	🌔	Lluna gibosa creixent
2030-06-11	 9.276	🌔	Lluna gibosa creixent
2030-06-12	10.328	🌔	Lluna gibosa creixent
2030-06-13	11.406	🌔	Lluna gibosa creixent
2030-06-14	12.500	🌔	Lluna gibosa creixent
2030-06-15	13.602	🌕	Lluna plena
2030-06-16	14.698	🌖	Lluna gibosa minvant
2030-06-17	15.779	🌖	Lluna gibosa minvant
2030-06-18	16.834	🌖	Lluna gibosa minvant
2030-06-19	17.858	🌖	Lluna gibosa minvant
2030-06-20	18.847	🌖	Lluna gibosa minvant
2030-06-21	19.801	🌖	Lluna gibosa minvant
2030-06-22	20.724	🌗	Cuarto minvant
2030-06-23	21.619	🌘	Lluna minvant
2030-06-24	22.492	🌘	Lluna minvant
2030-06-25	23.350	🌘	Lluna minvant
2030-06-26	24.197	🌘	Lluna minvant
2030-06-27	25.040	🌘	Lluna minvant
2030-06-28	25.882	🌘	Lluna minvant
2030-06-29	26.729	🌘	Lluna minvant
2030-06-30	27.584	🌑	Lluna nova
2030-07-01	 0.449	🌒	Lluna nova visible
2030-07-02	 1.327	🌒	Lluna nova visible
2030-07-03	 2.220	🌒	Lluna nova visible
2030-07-04	 3.129	🌒	Lluna nova visible
2030-07-05	 4.055	🌒	Lluna nova visible
2030-07-06	 5.001	🌒	Lluna nova visible
2030-07-07	 5.968	🌒	Lluna nova visible
2030-07-08	 6.957	🌓	Cuart creixent
2030-07-09	 7.968	🌔	Lluna gibosa creixent
2030-07-10	 9.001	🌔	Lluna gibosa creixent
2030-07-11	10.054	🌔	Lluna gibosa creixent
2030-07-12	11.122	🌔	Lluna gibosa creixent
2030-07-13	12.199	🌔	Lluna gibosa creixent
2030-07-14	13.277	🌔	Lluna gibosa creixent
2030-07-15	14.345	🌕	Lluna plena
2030-07-16	15.395	🌖	Lluna gibosa minvant
2030-07-17	16.418	🌖	Lluna gibosa minvant
2030-07-18	17.410	🌖	Lluna gibosa minvant
2030-07-19	18.369	🌖	Lluna gibosa minvant
2030-07-20	19.295	🌖	Lluna gibosa minvant
2030-07-21	20.193	🌖	Lluna gibosa minvant
2030-07-22	21.067	🌗	Cuarto minvant
2030-07-23	21.924	🌘	Lluna minvant
2030-07-24	22.771	🌘	Lluna minvant
2030-07-25	23.614	🌘	Lluna minvant
2030-07-26	24.459	🌘	Lluna minvant
2030-07-27	25.312	🌘	Lluna minvant
2030-07-28	26.176	🌘	Lluna minvant
2030-07-29	27.057	🌘	Lluna minvant
2030-07-30	27.955	🌑	Lluna nova
2030-07-31	 0.871	🌒	Lluna nova visible
2030-08-01	 1.806	🌒	Lluna nova visible
2030-08-02	 2.759	🌒	Lluna nova visible
2030-08-03	 3.727	🌒	Lluna nova visible
2030-08-04	 4.710	🌒	Lluna nova visible
2030-08-05	 5.706	🌒	Lluna nova visible
2030-08-06	 6.715	🌓	Cuart creixent
2030-08-07	 7.736	🌔	Lluna gibosa creixent
2030-08-08	 8.768	🌔	Lluna gibosa creixent
2030-08-09	 9.809	🌔	Lluna gibosa creixent
2030-08-10	10.855	🌔	Lluna gibosa creixent
2030-08-11	11.901	🌔	Lluna gibosa creixent
2030-08-12	12.941	🌔	Lluna gibosa creixent
2030-08-13	13.968	🌕	Lluna plena
2030-08-14	14.975	🌖	Lluna gibosa minvant
2030-08-15	15.956	🌖	Lluna gibosa minvant
2030-08-16	16.909	🌖	Lluna gibosa minvant
2030-08-17	17.833	🌖	Lluna gibosa minvant
2030-08-18	18.730	🌖	Lluna gibosa minvant
2030-08-19	19.604	🌖	Lluna gibosa minvant
2030-08-20	20.461	🌖	Lluna gibosa minvant
2030-08-21	21.307	🌗	Cuarto minvant
2030-08-22	22.150	🌘	Lluna minvant
2030-08-23	22.997	🌘	Lluna minvant
2030-08-24	23.854	🌘	Lluna minvant
2030-08-25	24.726	🌘	Lluna minvant
2030-08-26	25.619	🌘	Lluna minvant
2030-08-27	26.536	🌘	Lluna minvant
2030-08-28	27.476	🌘	Lluna minvant
2030-08-29	 0.439	🌑	Lluna nova
2030-08-30	 1.422	🌒	Lluna nova visible
2030-08-31	 2.421	🌒	Lluna nova visible
2030-09-01	 3.431	🌒	Lluna nova visible
2030-09-02	 4.448	🌒	Lluna nova visible
2030-09-03	 5.469	🌒	Lluna nova visible
2030-09-04	 6.492	🌓	Cuart creixent
2030-09-05	 7.514	🌔	Lluna gibosa creixent
2030-09-06	 8.535	🌔	Lluna gibosa creixent
2030-09-07	 9.554	🌔	Lluna gibosa creixent
2030-09-08	10.568	🌔	Lluna gibosa creixent
2030-09-09	11.574	🌔	Lluna gibosa creixent
2030-09-10	12.568	🌔	Lluna gibosa creixent
2030-09-11	13.546	🌕	Lluna plena
2030-09-12	14.504	🌖	Lluna gibosa minvant
2030-09-13	15.439	🌖	Lluna gibosa minvant
2030-09-14	16.351	🌖	Lluna gibosa minvant
2030-09-15	17.240	🌖	Lluna gibosa minvant
2030-09-16	18.110	🌖	Lluna gibosa minvant
2030-09-17	18.964	🌖	Lluna gibosa minvant
2030-09-18	19.809	🌖	Lluna gibosa minvant
2030-09-19	20.650	🌗	Cuarto minvant
2030-09-20	21.496	🌘	Lluna minvant
2030-09-21	22.353	🌘	Lluna minvant
2030-09-22	23.228	🌘	Lluna minvant
2030-09-23	24.126	🌘	Lluna minvant
2030-09-24	25.052	🌘	Lluna minvant
2030-09-25	26.008	🌘	Lluna minvant
2030-09-26	26.993	🌘	Lluna minvant
2030-09-27	 0.003	🌑	Lluna nova
2030-09-28	 1.034	🌒	Lluna nova visible
2030-09-29	 2.077	🌒	Lluna nova visible
2030-09-30	 3.125	🌒	Lluna nova visible
2030-10-01	 4.171	🌒	Lluna nova visible
2030-10-02	 5.210	🌒	Lluna nova visible
2030-10-03	 6.239	🌒	Lluna nova visible
2030-10-04	 7.255	🌓	Cuart creixent
2030-10-05	 8.259	🌔	Lluna gibosa creixent
2030-10-06	 9.249	🌔	Lluna gibosa creixent
2030-10-07	10.225	🌔	Lluna gibosa creixent
2030-10-08	11.186	🌔	Lluna gibosa creixent
2030-10-09	12.131	🌔	Lluna gibosa creixent
2030-10-10	13.060	🌔	Lluna gibosa creixent
2030-10-11	13.970	🌕	Lluna plena
2030-10-12	14.863	🌖	Lluna gibosa minvant
2030-10-13	15.738	🌖	Lluna gibosa minvant
2030-10-14	16.599	🌖	Lluna gibosa minvant
2030-10-15	17.448	🌖	Lluna gibosa minvant
2030-10-16	18.289	🌖	Lluna gibosa minvant
2030-10-17	19.128	🌖	Lluna gibosa minvant
2030-10-18	19.971	🌖	Lluna gibosa minvant
2030-10-19	20.826	🌗	Cuarto minvant
2030-10-20	21.697	🌘	Lluna minvant
2030-10-21	22.593	🌘	Lluna minvant
2030-10-22	23.518	🌘	Lluna minvant
2030-10-23	24.475	🌘	Lluna minvant
2030-10-24	25.467	🌘	Lluna minvant
2030-10-25	26.492	🌘	Lluna minvant
2030-10-26	27.543	🌑	Lluna nova
2030-10-27	 0.658	🌒	Lluna nova visible
2030-10-28	 1.737	🌒	Lluna nova visible
2030-10-29	 2.814	🌒	Lluna nova visible
2030-10-30	 3.881	🌒	Lluna nova visible
2030-10-31	 4.930	🌒	Lluna nova visible
2030-11-01	 5.957	🌒	Lluna nova visible
2030-11-02	 6.961	🌓	Cuart creixent
2030-11-03	 7.941	🌔	Lluna gibosa creixent
2030-11-04	 8.898	🌔	Lluna gibosa creixent
2030-11-05	 9.835	🌔	Lluna gibosa creixent
2030-11-06	10.752	🌔	Lluna gibosa creixent
2030-11-07	11.652	🌔	Lluna gibosa creixent
2030-11-08	12.537	🌔	Lluna gibosa creixent
2030-11-09	13.408	🌔	Lluna gibosa creixent
2030-11-10	14.267	🌕	Lluna plena
2030-11-11	15.116	🌖	Lluna gibosa minvant
2030-11-12	15.959	🌖	Lluna gibosa minvant
2030-11-13	16.797	🌖	Lluna gibosa minvant
2030-11-14	17.636	🌖	Lluna gibosa minvant
2030-11-15	18.479	🌖	Lluna gibosa minvant
2030-11-16	19.333	🌖	Lluna gibosa minvant
2030-11-17	20.202	🌖	Lluna gibosa minvant
2030-11-18	21.092	🌗	Cuarto minvant
2030-11-19	22.010	🌘	Lluna minvant
2030-11-20	22.959	🌘	Lluna minvant
2030-11-21	23.944	🌘	Lluna minvant
2030-11-22	24.964	🌘	Lluna minvant
2030-11-23	26.017	🌘	Lluna minvant
2030-11-24	27.097	🌘	Lluna minvant
2030-11-25	 0.193	🌑	Lluna nova
2030-11-26	 1.295	🌒	Lluna nova visible
2030-11-27	 2.389	🌒	Lluna nova visible
2030-11-28	 3.466	🌒	Lluna nova visible
2030-11-29	 4.516	🌒	Lluna nova visible
2030-11-30	 5.534	🌒	Lluna nova visible
2030-12-01	 6.521	🌓	Cuart creixent
2030-12-02	 7.475	🌔	Lluna gibosa creixent
2030-12-03	 8.401	🌔	Lluna gibosa creixent
2030-12-04	 9.303	🌔	Lluna gibosa creixent
2030-12-05	10.185	🌔	Lluna gibosa creixent
2030-12-06	11.050	🌔	Lluna gibosa creixent
2030-12-07	11.905	🌔	Lluna gibosa creixent
2030-12-08	12.750	🌔	Lluna gibosa creixent
2030-12-09	13.591	🌕	Lluna plena
2030-12-10	14.430	🌖	Lluna gibosa minvant
2030-12-11	15.270	🌖	Lluna gibosa minvant
2030-12-12	16.113	🌖	Lluna gibosa minvant
2030-12-13	16.962	🌖	Lluna gibosa minvant
2030-12-14	17.820	🌖	Lluna gibosa minvant
2030-12-15	18.692	🌖	Lluna gibosa minvant
2030-12-16	19.582	🌖	Lluna gibosa minvant
2030-12-17	20.494	🌖	Lluna gibosa minvant
2030-12-18	21.433	🌗	Cuarto minvant
2030-12-19	22.402	🌘	Lluna minvant
2030-12-20	23.403	🌘	Lluna minvant
2030-12-21	24.439	🌘	Lluna minvant
2030-12-22	25.504	🌘	Lluna minvant
2030-12-23	26.594	🌘	Lluna minvant
2030-12-24	27.698	🌑	Lluna nova
2030-12-25	 0.804	🌒	Lluna nova visible
2030-12-26	 1.897	🌒	Lluna nova visible
2030-12-27	 2.968	🌒	Lluna nova visible
2030-12-28	 4.006	🌒	Lluna nova visible
2030-12-29	 5.007	🌒	Lluna nova visible
2030-12-30	 5.971	🌒	Lluna nova visible
2030-12-31	 6.901	🌓	Cuart creixent
2031-01-01	 7.800	🌔	Lluna gibosa creixent
2031-01-02	 8.675	🌔	Lluna gibosa creixent
2031-01-03	 9.532	🌔	Lluna gibosa creixent
2031-01-04	10.377	🌔	Lluna gibosa creixent
2031-01-05	11.216	🌔	Lluna gibosa creixent
2031-01-06	12.053	🌔	Lluna gibosa creixent
2031-01-07	12.892	🌔	Lluna gibosa creixent
2031-01-08	13.737	🌕	Lluna plena
2031-01-09	14.589	🌖	Lluna gibosa minvant
2031-01-10	15.451	🌖	Lluna gibosa minvant
2031-01-11	16.324	🌖	Lluna gibosa minvant
2031-01-12	17.210	🌖	Lluna gibosa minvant
2031-01-13	18.111	🌖	Lluna gibosa minvant
2031-01-14	19.029	🌖	Lluna gibosa minvant
2031-01-15	19.967	🌖	Lluna gibosa minvant
2031-01-16	20.927	🌗	Cuarto minvant
2031-01-17	21.913	🌘	Lluna minvant
2031-01-18	22.926	🌘	Lluna minvant
2031-01-19	23.966	🌘	Lluna minvant
2031-01-20	25.031	🌘	Lluna minvant
2031-01-21	26.113	🌘	Lluna minvant
2031-01-22	27.205	🌘	Lluna minvant
2031-01-23	 0.293	🌑	Lluna nova
2031-01-24	 1.365	🌒	Lluna nova visible
2031-01-25	 2.411	🌒	Lluna nova visible
2031-01-26	 3.422	🌒	Lluna nova visible
2031-01-27	 4.397	🌒	Lluna nova visible
2031-01-28	 5.335	🌒	Lluna nova visible
2031-01-29	 6.240	🌒	Lluna nova visible
2031-01-30	 7.118	🌓	Cuart creixent
2031-01-31	 7.976	🌔	Lluna gibosa creixent
2031-02-01	 8.820	🌔	Lluna gibosa creixent
2031-02-02	 9.657	🌔	Lluna gibosa creixent
2031-02-03	10.495	🌔	Lluna gibosa creixent
2031-02-04	11.338	🌔	Lluna gibosa creixent
2031-02-05	12.190	🌔	Lluna gibosa creixent
2031-02-06	13.055	🌔	Lluna gibosa creixent
2031-02-07	13.934	🌕	Lluna plena
2031-02-08	14.829	🌖	Lluna gibosa minvant
2031-02-09	15.738	🌖	Lluna gibosa minvant
2031-02-10	16.663	🌖	Lluna gibosa minvant
2031-02-11	17.601	🌖	Lluna gibosa minvant
2031-02-12	18.555	🌖	Lluna gibosa minvant
2031-02-13	19.523	🌖	Lluna gibosa minvant
2031-02-14	20.508	🌗	Cuarto minvant
2031-02-15	21.510	🌘	Lluna minvant
2031-02-16	22.530	🌘	Lluna minvant
2031-02-17	23.568	🌘	Lluna minvant
2031-02-18	24.620	🌘	Lluna minvant
2031-02-19	25.680	🌘	Lluna minvant
2031-02-20	26.740	🌘	Lluna minvant
2031-02-21	27.791	🌑	Lluna nova
2031-02-22	 0.823	🌒	Lluna nova visible
2031-02-23	 1.828	🌒	Lluna nova visible
2031-02-24	 2.802	🌒	Lluna nova visible
2031-02-25	 3.743	🌒	Lluna nova visible
2031-02-26	 4.653	🌒	Lluna nova visible
2031-02-27	 5.535	🌒	Lluna nova visible
2031-02-28	 6.397	🌒	Lluna nova visible
2031-03-01	 7.244	🌓	Cuart creixent
2031-03-02	 8.085	🌔	Lluna gibosa creixent
2031-03-03	 8.925	🌔	Lluna gibosa creixent
2031-03-04	 9.773	🌔	Lluna gibosa creixent
2031-03-05	10.632	🌔	Lluna gibosa creixent
2031-03-06	11.508	🌔	Lluna gibosa creixent
2031-03-07	12.404	🌔	Lluna gibosa creixent
2031-03-08	13.319	🌔	Lluna gibosa creixent
2031-03-09	14.255	🌕	Lluna plena
2031-03-10	15.210	🌖	Lluna gibosa minvant
2031-03-11	16.180	🌖	Lluna gibosa minvant
2031-03-12	17.163	🌖	Lluna gibosa minvant
2031-03-13	18.156	🌖	Lluna gibosa minvant
2031-03-14	19.159	🌖	Lluna gibosa minvant
2031-03-15	20.169	🌖	Lluna gibosa minvant
2031-03-16	21.187	🌗	Cuarto minvant
2031-03-17	22.210	🌘	Lluna minvant
2031-03-18	23.238	🌘	Lluna minvant
2031-03-19	24.266	🌘	Lluna minvant
2031-03-20	25.292	🌘	Lluna minvant
2031-03-21	26.308	🌘	Lluna minvant
2031-03-22	27.310	🌘	Lluna minvant
2031-03-23	 0.291	🌑	Lluna nova
2031-03-24	 1.248	🌒	Lluna nova visible
2031-03-25	 2.179	🌒	Lluna nova visible
2031-03-26	 3.084	🌒	Lluna nova visible
2031-03-27	 3.967	🌒	Lluna nova visible
2031-03-28	 4.830	🌒	Lluna nova visible
2031-03-29	 5.681	🌒	Lluna nova visible
2031-03-30	 6.489	🌒	Lluna nova visible
2031-03-31	 7.333	🌓	Cuart creixent
2031-04-01	 8.182	🌔	Lluna gibosa creixent
2031-04-02	 9.045	🌔	Lluna gibosa creixent
2031-04-03	 9.926	🌔	Lluna gibosa creixent
2031-04-04	10.830	🌔	Lluna gibosa creixent
2031-04-05	11.760	🌔	Lluna gibosa creixent
2031-04-06	12.715	🌔	Lluna gibosa creixent
2031-04-07	13.695	🌕	Lluna plena
2031-04-08	14.696	🌖	Lluna gibosa minvant
2031-04-09	15.714	🌖	Lluna gibosa minvant
2031-04-10	16.743	🌖	Lluna gibosa minvant
2031-04-11	17.777	🌖	Lluna gibosa minvant
2031-04-12	18.813	🌖	Lluna gibosa minvant
2031-04-13	19.846	🌖	Lluna gibosa minvant
2031-04-14	20.873	🌗	Cuarto minvant
2031-04-15	21.893	🌘	Lluna minvant
2031-04-16	22.902	🌘	Lluna minvant
2031-04-17	23.900	🌘	Lluna minvant
2031-04-18	24.884	🌘	Lluna minvant
2031-04-19	25.852	🌘	Lluna minvant
2031-04-20	26.802	🌘	Lluna minvant
2031-04-21	27.734	🌑	Lluna nova
2031-04-22	 0.645	🌒	Lluna nova visible
2031-04-23	 1.538	🌒	Lluna nova visible
2031-04-24	 2.413	🌒	Lluna nova visible
2031-04-25	 3.274	🌒	Lluna nova visible
2031-04-26	 4.125	🌒	Lluna nova visible
2031-04-27	 4.970	🌒	Lluna nova visible
2031-04-28	 5.815	🌒	Lluna nova visible
2031-04-29	 6.666	🌓	Cuart creixent
2031-04-30	 7.529	🌔	Lluna gibosa creixent
2031-05-01	 8.411	🌔	Lluna gibosa creixent
2031-05-02	 9.317	🌔	Lluna gibosa creixent
2031-05-03	10.250	🌔	Lluna gibosa creixent
2031-05-04	11.214	🌔	Lluna gibosa creixent
2031-05-05	12.209	🌔	Lluna gibosa creixent
2031-05-06	13.231	🌔	Lluna gibosa creixent
2031-05-07	14.278	🌕	Lluna plena
2031-05-08	15.340	🌖	Lluna gibosa minvant
2031-05-09	16.411	🌖	Lluna gibosa minvant
2031-05-10	17.481	🌖	Lluna gibosa minvant
2031-05-11	18.542	🌖	Lluna gibosa minvant
2031-05-12	19.588	🌖	Lluna gibosa minvant
2031-05-13	20.615	🌗	Cuarto minvant
2031-05-14	21.621	🌘	Lluna minvant
2031-05-15	22.604	🌘	Lluna minvant
2031-05-16	23.566	🌘	Lluna minvant
2031-05-17	24.507	🌘	Lluna minvant
2031-05-18	25.429	🌘	Lluna minvant
2031-05-19	26.334	🌘	Lluna minvant
2031-05-20	27.223	🌘	Lluna minvant
2031-05-21	 0.098	🌑	Lluna nova
2031-05-22	 0.962	🌒	Lluna nova visible
2031-05-23	 1.816	🌒	Lluna nova visible
2031-05-24	 2.664	🌒	Lluna nova visible
2031-05-25	 3.509	🌒	Lluna nova visible
2031-05-26	 4.355	🌒	Lluna nova visible
2031-05-27	 5.207	🌒	Lluna nova visible
2031-05-28	 6.070	🌒	Lluna nova visible
2031-05-29	 6.950	🌓	Cuart creixent
2031-05-30	 7.853	🌔	Lluna gibosa creixent
2031-05-31	 8.782	🌔	Lluna gibosa creixent
2031-06-01	 9.743	🌔	Lluna gibosa creixent
2031-06-02	10.738	🌔	Lluna gibosa creixent
2031-06-03	11.767	🌔	Lluna gibosa creixent
2031-06-04	12.827	🌔	Lluna gibosa creixent
2031-06-05	13.910	🌕	Lluna plena
2031-06-06	15.007	🌖	Lluna gibosa minvant
2031-06-07	16.107	🌖	Lluna gibosa minvant
2031-06-08	17.198	🌖	Lluna gibosa minvant
2031-06-09	18.269	🌖	Lluna gibosa minvant
2031-06-10	19.314	🌖	Lluna gibosa minvant
2031-06-11	20.327	🌖	Lluna gibosa minvant
2031-06-12	21.310	🌗	Cuarto minvant
2031-06-13	22.262	🌘	Lluna minvant
2031-06-14	23.188	🌘	Lluna minvant
2031-06-15	24.092	🌘	Lluna minvant
2031-06-16	24.977	🌘	Lluna minvant
2031-06-17	25.848	🌘	Lluna minvant
2031-06-18	26.708	🌘	Lluna minvant
2031-06-19	27.561	🌘	Lluna minvant
2031-06-20	 0.409	🌑	Lluna nova
2031-06-21	 1.255	🌒	Lluna nova visible
2031-06-22	 2.101	🌒	Lluna nova visible
2031-06-23	 2.950	🌒	Lluna nova visible
2031-06-24	 3.806	🌒	Lluna nova visible
2031-06-25	 4.672	🌒	Lluna nova visible
2031-06-26	 5.552	🌒	Lluna nova visible
2031-06-27	 6.452	🌒	Lluna nova visible
2031-06-28	 7.376	🌓	Cuart creixent
2031-06-29	 8.329	🌔	Lluna gibosa creixent
2031-06-30	 9.315	🌔	Lluna gibosa creixent
2031-07-01	10.335	🌔	Lluna gibosa creixent
2031-07-02	11.391	🌔	Lluna gibosa creixent
2031-07-03	12.475	🌔	Lluna gibosa creixent
2031-07-04	13.581	🌕	Lluna plena
2031-07-05	14.696	🌖	Lluna gibosa minvant
2031-07-06	15.805	🌖	Lluna gibosa minvant
2031-07-07	16.896	🌖	Lluna gibosa minvant
2031-07-08	17.958	🌖	Lluna gibosa minvant
2031-07-09	18.985	🌖	Lluna gibosa minvant
2031-07-10	19.975	🌖	Lluna gibosa minvant
2031-07-11	20.928	🌗	Cuarto minvant
2031-07-12	21.850	🌘	Lluna minvant
2031-07-13	22.745	🌘	Lluna minvant
2031-07-14	23.620	🌘	Lluna minvant
2031-07-15	24.481	🌘	Lluna minvant
2031-07-16	25.332	🌘	Lluna minvant
2031-07-17	26.178	🌘	Lluna minvant
2031-07-18	27.023	🌘	Lluna minvant
2031-07-19	27.870	🌑	Lluna nova
2031-07-20	 0.720	🌒	Lluna nova visible
2031-07-21	 1.577	🌒	Lluna nova visible
2031-07-22	 2.441	🌒	Lluna nova visible
2031-07-23	 3.316	🌒	Lluna nova visible
2031-07-24	 4.203	🌒	Lluna nova visible
2031-07-25	 5.106	🌒	Lluna nova visible
2031-07-26	 6.029	🌒	Lluna nova visible
2031-07-27	 6.976	🌓	Cuart creixent
2031-07-28	 7.952	🌔	Lluna gibosa creixent
2031-07-29	 8.960	🌔	Lluna gibosa creixent
2031-07-30	 9.999	🌔	Lluna gibosa creixent
2031-07-31	11.069	🌔	Lluna gibosa creixent
2031-08-01	12.163	🌔	Lluna gibosa creixent
2031-08-02	13.271	🌔	Lluna gibosa creixent
2031-08-03	14.379	🌕	Lluna plena
2031-08-04	15.475	🌖	Lluna gibosa minvant
2031-08-05	16.544	🌖	Lluna gibosa minvant
2031-08-06	17.579	🌖	Lluna gibosa minvant
2031-08-07	18.576	🌖	Lluna gibosa minvant
2031-08-08	19.535	🌖	Lluna gibosa minvant
2031-08-09	20.460	🌖	Lluna gibosa minvant
2031-08-10	21.355	🌗	Cuarto minvant
2031-08-11	22.228	🌘	Lluna minvant
2031-08-12	23.085	🌘	Lluna minvant
2031-08-13	23.933	🌘	Lluna minvant
2031-08-14	24.777	🌘	Lluna minvant
2031-08-15	25.622	🌘	Lluna minvant
2031-08-16	26.473	🌘	Lluna minvant
2031-08-17	27.331	🌘	Lluna minvant
2031-08-18	 0.198	🌑	Lluna nova
2031-08-19	 1.076	🌒	Lluna nova visible
2031-08-20	 1.966	🌒	Lluna nova visible
2031-08-21	 2.868	🌒	Lluna nova visible
2031-08-22	 3.785	🌒	Lluna nova visible
2031-08-23	 4.717	🌒	Lluna nova visible
2031-08-24	 5.669	🌒	Lluna nova visible
2031-08-25	 6.643	🌓	Cuart creixent
2031-08-26	 7.640	🌔	Lluna gibosa creixent
2031-08-27	 8.663	🌔	Lluna gibosa creixent
2031-08-28	 9.712	🌔	Lluna gibosa creixent
2031-08-29	10.781	🌔	Lluna gibosa creixent
2031-08-30	11.864	🌔	Lluna gibosa creixent
2031-08-31	12.951	🌔	Lluna gibosa creixent
2031-09-01	14.029	🌕	Lluna plena
2031-09-02	15.088	🌖	Lluna gibosa minvant
2031-09-03	16.118	🌖	Lluna gibosa minvant
2031-09-04	17.115	🌖	Lluna gibosa minvant
2031-09-05	18.075	🌖	Lluna gibosa minvant
2031-09-06	19.003	🌖	Lluna gibosa minvant
2031-09-07	19.901	🌖	Lluna gibosa minvant
2031-09-08	20.775	🌗	Cuarto minvant
2031-09-09	21.633	🌘	Lluna minvant
2031-09-10	22.482	🌘	Lluna minvant
2031-09-11	23.327	🌘	Lluna minvant
2031-09-12	24.174	🌘	Lluna minvant
2031-09-13	25.029	🌘	Lluna minvant
2031-09-14	25.895	🌘	Lluna minvant
2031-09-15	26.774	🌘	Lluna minvant
2031-09-16	27.669	🌑	Lluna nova
2031-09-17	 0.578	🌒	Lluna nova visible
2031-09-18	 1.504	🌒	Lluna nova visible
2031-09-19	 2.444	🌒	Lluna nova visible
2031-09-20	 3.398	🌒	Lluna nova visible
2031-09-21	 4.368	🌒	Lluna nova visible
2031-09-22	 5.352	🌒	Lluna nova visible
2031-09-23	 6.353	🌒	Lluna nova visible
2031-09-24	 7.368	🌓	Cuart creixent
2031-09-25	 8.399	🌔	Lluna gibosa creixent
2031-09-26	 9.442	🌔	Lluna gibosa creixent
2031-09-27	10.493	🌔	Lluna gibosa creixent
2031-09-28	11.545	🌔	Lluna gibosa creixent
2031-09-29	12.590	🌔	Lluna gibosa creixent
2031-09-30	13.620	🌕	Lluna plena
2031-10-01	14.629	🌖	Lluna gibosa minvant
2031-10-02	15.611	🌖	Lluna gibosa minvant
2031-10-03	16.563	🌖	Lluna gibosa minvant
2031-10-04	17.487	🌖	Lluna gibosa minvant
2031-10-05	18.385	🌖	Lluna gibosa minvant
2031-10-06	19.261	🌖	Lluna gibosa minvant
2031-10-07	20.121	🌖	Lluna gibosa minvant
2031-10-08	20.970	🌗	Cuarto minvant
2031-10-09	21.816	🌘	Lluna minvant
2031-10-10	22.664	🌘	Lluna minvant
2031-10-11	23.521	🌘	Lluna minvant
2031-10-12	24.391	🌘	Lluna minvant
2031-10-13	25.279	🌘	Lluna minvant
2031-10-14	26.187	🌘	Lluna minvant
2031-10-15	27.116	🌘	Lluna minvant
2031-10-16	 0.066	🌑	Lluna nova
2031-10-17	 1.035	🌒	Lluna nova visible
2031-10-18	 2.021	🌒	Lluna nova visible
2031-10-19	 3.021	🌒	Lluna nova visible
2031-10-20	 4.032	🌒	Lluna nova visible
2031-10-21	 5.051	🌒	Lluna nova visible
2031-10-22	 6.075	🌒	Lluna nova visible
