# Dag       	# Fase	# Simbool	# Naam
2026-01-13	23.340	🌘	Afnemende sekelmaan
2026-01-14	24.182	🌘	Afnemende sekelmaan
2026-01-15	25.030	🌘	Afnemende sekelmaan
2026-01-16	25.886	🌘	Afnemende sekelmaan
2026-01-17	26.753	🌘	Afnemende sekelmaan
2026-01-18	27.634	🌑	Donkermaan
2026-01-19	 0.528	🌒	Groeiende sekelmaan
2026-01-20	 1.437	🌒	Groeiende sekelmaan
2026-01-21	 2.360	🌒	Groeiende sekelmaan
2026-01-22	 3.298	🌒	Groeiende sekelmaan
2026-01-23	 4.253	🌒	Groeiende sekelmaan
2026-01-24	 5.224	🌒	Groeiende sekelmaan
2026-01-25	 6.213	🌒	Groeiende sekelmaan
2026-01-26	 7.220	🌓	Eerste kwartier
2026-01-27	 8.245	🌔	Groeiende bolmaan
2026-01-28	 9.285	🌔	Groeiende bolmaan
2026-01-29	10.335	🌔	Groeiende bolmaan
2026-01-30	11.390	🌔	Groeiende bolmaan
2026-01-31	12.442	🌔	Groeiende bolmaan
2026-02-01	13.481	🌔	Groeiende bolmaan
2026-02-02	14.500	🌕	Volmaan
2026-02-03	15.493	🌖	Afnemende bolmaan
2026-02-04	16.458	🌖	Afnemende bolmaan
2026-02-05	17.394	🌖	Afnemende bolmaan
2026-02-06	18.302	🌖	Afnemende bolmaan
2026-02-07	19.186	🌖	Afnemende bolmaan
2026-02-08	20.051	🌖	Afnemende bolmaan
2026-02-09	20.904	🌗	Laaste kwartier
2026-02-10	21.749	🌘	Afnemende sekelmaan
2026-02-11	22.594	🌘	Afnemende sekelmaan
2026-02-12	23.444	🌘	Afnemende sekelmaan
2026-02-13	24.305	🌘	Afnemende sekelmaan
2026-02-14	25.180	🌘	Afnemende sekelmaan
2026-02-15	26.073	🌘	Afnemende sekelmaan
2026-02-16	26.986	🌘	Afnemende sekelmaan
2026-02-17	27.920	🌑	Donkermaan
2026-02-18	 0.874	🌒	Groeiende sekelmaan
2026-02-19	 1.846	🌒	Groeiende sekelmaan
2026-02-20	 2.835	🌒	Groeiende sekelmaan
2026-02-21	 3.837	🌒	Groeiende sekelmaan
2026-02-22	 4.849	🌒	Groeiende sekelmaan
2026-02-23	 5.870	🌒	Groeiende sekelmaan
2026-02-24	 6.894	🌓	Eerste kwartier
2026-02-25	 7.921	🌔	Groeiende bolmaan
2026-02-26	 8.947	🌔	Groeiende bolmaan
2026-02-27	 9.968	🌔	Groeiende bolmaan
2026-02-28	10.980	🌔	Groeiende bolmaan
2026-03-01	11.981	🌔	Groeiende bolmaan
2026-03-02	12.967	🌔	Groeiende bolmaan
2026-03-03	13.935	🌕	Volmaan
2026-03-04	14.881	🌖	Afnemende bolmaan
2026-03-05	15.807	🌖	Afnemende bolmaan
2026-03-06	16.710	🌖	Afnemende bolmaan
2026-03-07	17.595	🌖	Afnemende bolmaan
2026-03-08	18.462	🌖	Afnemende bolmaan
2026-03-09	19.318	🌖	Afnemende bolmaan
2026-03-10	20.166	🌖	Afnemende bolmaan
2026-03-11	21.012	🌗	Laaste kwartier
2026-03-12	21.863	🌘	Afnemende sekelmaan
2026-03-13	22.725	🌘	Afnemende sekelmaan
2026-03-14	23.602	🌘	Afnemende sekelmaan
2026-03-15	24.501	🌘	Afnemende sekelmaan
2026-03-16	25.426	🌘	Afnemende sekelmaan
2026-03-17	26.378	🌘	Afnemende sekelmaan
2026-03-18	27.358	🌘	Afnemende sekelmaan
2026-03-19	 0.363	🌑	Donkermaan
2026-03-20	 1.389	🌒	Groeiende sekelmaan
2026-03-21	 2.431	🌒	Groeiende sekelmaan
2026-03-22	 3.480	🌒	Groeiende sekelmaan
2026-03-23	 4.529	🌒	Groeiende sekelmaan
2026-03-24	 5.572	🌒	Groeiende sekelmaan
2026-03-25	 6.604	🌓	Eerste kwartier
2026-03-26	 7.621	🌔	Groeiende bolmaan
2026-03-27	 8.623	🌔	Groeiende bolmaan
2026-03-28	 9.607	🌔	Groeiende bolmaan
2026-03-29	10.576	🌔	Groeiende bolmaan
2026-03-30	11.528	🌔	Groeiende bolmaan
2026-03-31	12.465	🌔	Groeiende bolmaan
2026-04-01	13.386	🌔	Groeiende bolmaan
2026-04-02	14.292	🌕	Volmaan
2026-04-03	15.183	🌖	Afnemende bolmaan
2026-04-04	16.060	🌖	Afnemende bolmaan
2026-04-05	16.925	🌖	Afnemende bolmaan
2026-04-06	17.780	🌖	Afnemende bolmaan
2026-04-07	18.628	🌖	Afnemende bolmaan
2026-04-08	19.475	🌖	Afnemende bolmaan
2026-04-09	20.325	🌖	Afnemende bolmaan
2026-04-10	21.185	🌗	Laaste kwartier
2026-04-11	22.061	🌘	Afnemende sekelmaan
2026-04-12	22.959	🌘	Afnemende sekelmaan
2026-04-13	23.885	🌘	Afnemende sekelmaan
2026-04-14	24.843	🌘	Afnemende sekelmaan
2026-04-15	25.836	🌘	Afnemende sekelmaan
2026-04-16	26.862	🌘	Afnemende sekelmaan
2026-04-17	27.917	🌑	Donkermaan
2026-04-18	 0.992	🌒	Groeiende sekelmaan
2026-04-19	 2.078	🌒	Groeiende sekelmaan
2026-04-20	 3.161	🌒	Groeiende sekelmaan
2026-04-21	 4.233	🌒	Groeiende sekelmaan
2026-04-22	 5.283	🌒	Groeiende sekelmaan
2026-04-23	 6.309	🌒	Groeiende sekelmaan
2026-04-24	 7.308	🌓	Eerste kwartier
2026-04-25	 8.281	🌔	Groeiende bolmaan
2026-04-26	 9.230	🌔	Groeiende bolmaan
2026-04-27	10.160	🌔	Groeiende bolmaan
2026-04-28	11.073	🌔	Groeiende bolmaan
2026-04-29	11.971	🌔	Groeiende bolmaan
2026-04-30	12.857	🌔	Groeiende bolmaan
2026-05-01	13.732	🌕	Volmaan
2026-05-02	14.598	🌖	Afnemende bolmaan
2026-05-03	15.456	🌖	Afnemende bolmaan
2026-05-04	16.308	🌖	Afnemende bolmaan
2026-05-05	17.156	🌖	Afnemende bolmaan
2026-05-06	18.003	🌖	Afnemende bolmaan
2026-05-07	18.853	🌖	Afnemende bolmaan
2026-05-08	19.712	🌖	Afnemende bolmaan
2026-05-09	20.586	🌗	Laaste kwartier
2026-05-10	21.481	🌘	Afnemende sekelmaan
2026-05-11	22.403	🌘	Afnemende sekelmaan
2026-05-12	23.358	🌘	Afnemende sekelmaan
2026-05-13	24.350	🌘	Afnemende sekelmaan
2026-05-14	25.380	🌘	Afnemende sekelmaan
2026-05-15	26.446	🌘	Afnemende sekelmaan
2026-05-16	27.538	🌑	Donkermaan
2026-05-17	 0.646	🌒	Groeiende sekelmaan
2026-05-18	 1.756	🌒	Groeiende sekelmaan
2026-05-19	 2.853	🌒	Groeiende sekelmaan
2026-05-20	 3.927	🌒	Groeiende sekelmaan
2026-05-21	 4.969	🌒	Groeiende sekelmaan
2026-05-22	 5.977	🌒	Groeiende sekelmaan
2026-05-23	 6.952	🌓	Eerste kwartier
2026-05-24	 7.898	🌔	Groeiende bolmaan
2026-05-25	 8.818	🌔	Groeiende bolmaan
2026-05-26	 9.717	🌔	Groeiende bolmaan
2026-05-27	10.601	🌔	Groeiende bolmaan
2026-05-28	11.472	🌔	Groeiende bolmaan
2026-05-29	12.335	🌔	Groeiende bolmaan
2026-05-30	13.192	🌔	Groeiende bolmaan
2026-05-31	14.044	🌕	Volmaan
2026-06-01	14.893	🌖	Afnemende bolmaan
2026-06-02	15.742	🌖	Afnemende bolmaan
2026-06-03	16.591	🌖	Afnemende bolmaan
2026-06-04	17.446	🌖	Afnemende bolmaan
2026-06-05	18.309	🌖	Afnemende bolmaan
2026-06-06	19.185	🌖	Afnemende bolmaan
2026-06-07	20.080	🌖	Afnemende bolmaan
2026-06-08	20.999	🌗	Laaste kwartier
2026-06-09	21.949	🌘	Afnemende sekelmaan
2026-06-10	22.934	🌘	Afnemende sekelmaan
2026-06-11	23.956	🌘	Afnemende sekelmaan
2026-06-12	25.015	🌘	Afnemende sekelmaan
2026-06-13	26.104	🌘	Afnemende sekelmaan
2026-06-14	27.213	🌘	Afnemende sekelmaan
2026-06-15	 0.330	🌑	Donkermaan
2026-06-16	 1.438	🌒	Groeiende sekelmaan
2026-06-17	 2.526	🌒	Groeiende sekelmaan
2026-06-18	 3.582	🌒	Groeiende sekelmaan
2026-06-19	 4.603	🌒	Groeiende sekelmaan
2026-06-20	 5.588	🌒	Groeiende sekelmaan
2026-06-21	 6.539	🌓	Eerste kwartier
2026-06-22	 7.460	🌔	Groeiende bolmaan
2026-06-23	 8.356	🌔	Groeiende bolmaan
2026-06-24	 9.235	🌔	Groeiende bolmaan
2026-06-25	10.099	🌔	Groeiende bolmaan
2026-06-26	10.955	🌔	Groeiende bolmaan
2026-06-27	11.806	🌔	Groeiende bolmaan
2026-06-28	12.655	🌔	Groeiende bolmaan
2026-06-29	13.505	🌔	Groeiende bolmaan
2026-06-30	14.357	🌕	Volmaan
2026-07-01	15.214	🌖	Afnemende bolmaan
2026-07-02	16.078	🌖	Afnemende bolmaan
2026-07-03	16.952	🌖	Afnemende bolmaan
2026-07-04	17.838	🌖	Afnemende bolmaan
2026-07-05	18.741	🌖	Afnemende bolmaan
2026-07-06	19.666	🌖	Afnemende bolmaan
2026-07-07	20.616	🌗	Laaste kwartier
2026-07-08	21.596	🌘	Afnemende sekelmaan
2026-07-09	22.607	🌘	Afnemende sekelmaan
2026-07-10	23.650	🌘	Afnemende sekelmaan
2026-07-11	24.721	🌘	Afnemende sekelmaan
2026-07-12	25.812	🌘	Afnemende sekelmaan
2026-07-13	26.913	🌘	Afnemende sekelmaan
2026-07-14	 0.012	🌑	Donkermaan
2026-07-15	 1.096	🌒	Groeiende sekelmaan
2026-07-16	 2.155	🌒	Groeiende sekelmaan
2026-07-17	 3.182	🌒	Groeiende sekelmaan
2026-07-18	 4.174	🌒	Groeiende sekelmaan
2026-07-19	 5.132	🌒	Groeiende sekelmaan
2026-07-20	 6.059	🌒	Groeiende sekelmaan
2026-07-21	 6.959	🌓	Eerste kwartier
2026-07-22	 7.838	🌔	Groeiende bolmaan
2026-07-23	 8.702	🌔	Groeiende bolmaan
2026-07-24	 9.556	🌔	Groeiende bolmaan
2026-07-25	10.405	🌔	Groeiende bolmaan
2026-07-26	11.254	🌔	Groeiende bolmaan
2026-07-27	12.106	🌔	Groeiende bolmaan
2026-07-28	12.965	🌔	Groeiende bolmaan
2026-07-29	13.832	🌕	Volmaan
2026-07-30	14.711	🌖	Afnemende bolmaan
2026-07-31	15.602	🌖	Afnemende bolmaan
2026-08-01	16.508	🌖	Afnemende bolmaan
2026-08-02	17.431	🌖	Afnemende bolmaan
2026-08-03	18.372	🌖	Afnemende bolmaan
2026-08-04	19.333	🌖	Afnemende bolmaan
2026-08-05	20.316	🌖	Afnemende bolmaan
2026-08-06	21.322	🌗	Laaste kwartier
2026-08-07	22.351	🌘	Afnemende sekelmaan
2026-08-08	23.399	🌘	Afnemende sekelmaan
2026-08-09	24.462	🌘	Afnemende sekelmaan
2026-08-10	25.534	🌘	Afnemende sekelmaan
2026-08-11	26.605	🌘	Afnemende sekelmaan
2026-08-12	27.666	🌑	Donkermaan
2026-08-13	 0.710	🌒	Groeiende sekelmaan
2026-08-14	 1.729	🌒	Groeiende sekelmaan
2026-08-15	 2.719	🌒	Groeiende sekelmaan
2026-08-16	 3.679	🌒	Groeiende sekelmaan
2026-08-17	 4.609	🌒	Groeiende sekelmaan
2026-08-18	 5.512	🌒	Groeiende sekelmaan
2026-08-19	 6.394	🌒	Groeiende sekelmaan
2026-08-20	 7.259	🌓	Eerste kwartier
2026-08-21	 8.112	🌔	Groeiende bolmaan
2026-08-22	 8.961	🌔	Groeiende bolmaan
2026-08-23	 9.811	🌔	Groeiende bolmaan
2026-08-24	10.666	🌔	Groeiende bolmaan
2026-08-25	11.531	🌔	Groeiende bolmaan
2026-08-26	12.409	🌔	Groeiende bolmaan
2026-08-27	13.305	🌔	Groeiende bolmaan
2026-08-28	14.218	🌕	Volmaan
2026-08-29	15.150	🌖	Afnemende bolmaan
2026-08-30	16.101	🌖	Afnemende bolmaan
2026-08-31	17.069	🌖	Afnemende bolmaan
2026-09-01	18.055	🌖	Afnemende bolmaan
2026-09-02	19.055	🌖	Afnemende bolmaan
2026-09-03	20.068	🌖	Afnemende bolmaan
2026-09-04	21.092	🌗	Laaste kwartier
2026-09-05	22.123	🌘	Afnemende sekelmaan
2026-09-06	23.160	🌘	Afnemende sekelmaan
2026-09-07	24.198	🌘	Afnemende sekelmaan
2026-09-08	25.233	🌘	Afnemende sekelmaan
2026-09-09	26.260	🌘	Afnemende sekelmaan
2026-09-10	27.273	🌘	Afnemende sekelmaan
2026-09-11	 0.269	🌑	Donkermaan
2026-09-12	 1.244	🌒	Groeiende sekelmaan
2026-09-13	 2.194	🌒	Groeiende sekelmaan
2026-09-14	 3.120	🌒	Groeiende sekelmaan
2026-09-15	 4.022	🌒	Groeiende sekelmaan
2026-09-16	 4.903	🌒	Groeiende sekelmaan
2026-09-17	 5.768	🌒	Groeiende sekelmaan
2026-09-18	 6.620	🌓	Eerste kwartier
2026-09-19	 7.468	🌔	Groeiende bolmaan
2026-09-20	 8.316	🌔	Groeiende bolmaan
2026-09-21	 9.171	🌔	Groeiende bolmaan
2026-09-22	10.038	🌔	Groeiende bolmaan
2026-09-23	10.924	🌔	Groeiende bolmaan
2026-09-24	11.832	🌔	Groeiende bolmaan
2026-09-25	12.765	🌔	Groeiende bolmaan
2026-09-26	13.723	🌕	Volmaan
2026-09-27	14.705	🌖	Afnemende bolmaan
2026-09-28	15.709	🌖	Afnemende bolmaan
2026-09-29	16.728	🌖	Afnemende bolmaan
2026-09-30	17.757	🌖	Afnemende bolmaan
2026-10-01	18.791	🌖	Afnemende bolmaan
2026-10-02	19.825	🌖	Afnemende bolmaan
2026-10-03	20.854	🌗	Laaste kwartier
2026-10-04	21.875	🌘	Afnemende sekelmaan
2026-10-05	22.888	🌘	Afnemende sekelmaan
2026-10-06	23.890	🌘	Afnemende sekelmaan
2026-10-07	24.881	🌘	Afnemende sekelmaan
2026-10-08	25.859	🌘	Afnemende sekelmaan
2026-10-09	26.823	🌘	Afnemende sekelmaan
2026-10-10	27.772	🌑	Donkermaan
2026-10-11	 0.702	🌒	Groeiende sekelmaan
2026-10-12	 1.614	🌒	Groeiende sekelmaan
2026-10-13	 2.507	🌒	Groeiende sekelmaan
2026-10-14	 3.382	🌒	Groeiende sekelmaan
2026-10-15	 4.243	🌒	Groeiende sekelmaan
2026-10-16	 5.093	🌒	Groeiende sekelmaan
2026-10-17	 5.936	🌒	Groeiende sekelmaan
2026-10-18	 6.780	🌓	Eerste kwartier
2026-10-19	 7.631	🌔	Groeiende bolmaan
2026-10-20	 8.496	🌔	Groeiende bolmaan
2026-10-21	 9.381	🌔	Groeiende bolmaan
2026-10-22	10.293	🌔	Groeiende bolmaan
2026-10-23	11.235	🌔	Groeiende bolmaan
2026-10-24	12.210	🌔	Groeiende bolmaan
2026-10-25	13.217	🌔	Groeiende bolmaan
2026-10-26	14.252	🌕	Volmaan
2026-10-27	15.307	🌖	Afnemende bolmaan
2026-10-28	16.372	🌖	Afnemende bolmaan
2026-10-29	17.438	🌖	Afnemende bolmaan
2026-10-30	18.495	🌖	Afnemende bolmaan
2026-10-31	19.537	🌖	Afnemende bolmaan
2026-11-01	20.560	🌗	Laaste kwartier
2026-11-02	21.562	🌘	Afnemende sekelmaan
2026-11-03	22.545	🌘	Afnemende sekelmaan
2026-11-04	23.510	🌘	Afnemende sekelmaan
2026-11-05	24.459	🌘	Afnemende sekelmaan
2026-11-06	25.392	🌘	Afnemende sekelmaan
2026-11-07	26.312	🌘	Afnemende sekelmaan
2026-11-08	27.217	🌘	Afnemende sekelmaan
2026-11-09	 0.109	🌑	Donkermaan
2026-11-10	 0.987	🌒	Groeiende sekelmaan
2026-11-11	 1.852	🌒	Groeiende sekelmaan
2026-11-12	 2.705	🌒	Groeiende sekelmaan
2026-11-13	 3.550	🌒	Groeiende sekelmaan
2026-11-14	 4.390	🌒	Groeiende sekelmaan
2026-11-15	 5.230	🌒	Groeiende sekelmaan
2026-11-16	 6.076	🌒	Groeiende sekelmaan
2026-11-17	 6.935	🌓	Eerste kwartier
2026-11-18	 7.814	🌔	Groeiende bolmaan
2026-11-19	 8.720	🌔	Groeiende bolmaan
2026-11-20	 9.659	🌔	Groeiende bolmaan
2026-11-21	10.636	🌔	Groeiende bolmaan
2026-11-22	11.650	🌔	Groeiende bolmaan
2026-11-23	12.700	🌔	Groeiende bolmaan
2026-11-24	13.778	🌕	Volmaan
2026-11-25	14.871	🌖	Afnemende bolmaan
2026-11-26	15.968	🌖	Afnemende bolmaan
2026-11-27	17.056	🌖	Afnemende bolmaan
2026-11-28	18.123	🌖	Afnemende bolmaan
2026-11-29	19.163	🌖	Afnemende bolmaan
2026-11-30	20.174	🌖	Afnemende bolmaan
2026-12-01	21.155	🌗	Laaste kwartier
2026-12-02	22.111	🌘	Afnemende sekelmaan
2026-12-03	23.043	🌘	Afnemende sekelmaan
2026-12-04	23.956	🌘	Afnemende sekelmaan
2026-12-05	24.853	🌘	Afnemende sekelmaan
2026-12-06	25.736	🌘	Afnemende sekelmaan
2026-12-07	26.608	🌘	Afnemende sekelmaan
2026-12-08	27.470	🌘	Afnemende sekelmaan
2026-12-09	 0.323	🌑	Donkermaan
2026-12-10	 1.169	🌒	Groeiende sekelmaan
2026-12-11	 2.010	🌒	Groeiende sekelmaan
2026-12-12	 2.848	🌒	Groeiende sekelmaan
2026-12-13	 3.687	🌒	Groeiende sekelmaan
2026-12-14	 4.532	🌒	Groeiende sekelmaan
2026-12-15	 5.389	🌒	Groeiende sekelmaan
2026-12-16	 6.263	🌒	Groeiende sekelmaan
2026-12-17	 7.162	🌓	Eerste kwartier
2026-12-18	 8.092	🌔	Groeiende bolmaan
2026-12-19	 9.058	🌔	Groeiende bolmaan
2026-12-20	10.063	🌔	Groeiende bolmaan
2026-12-21	11.106	🌔	Groeiende bolmaan
2026-12-22	12.183	🌔	Groeiende bolmaan
2026-12-23	13.283	🌔	Groeiende bolmaan
2026-12-24	14.395	🌕	Volmaan
2026-12-25	15.503	🌖	Afnemende bolmaan
2026-12-26	16.594	🌖	Afnemende bolmaan
2026-12-27	17.658	🌖	Afnemende bolmaan
2026-12-28	18.688	🌖	Afnemende bolmaan
2026-12-29	19.684	🌖	Afnemende bolmaan
2026-12-30	20.647	🌗	Laaste kwartier
2026-12-31	21.579	🌘	Afnemende sekelmaan
2027-01-01	22.486	🌘	Afnemende sekelmaan
2027-01-02	23.373	🌘	Afnemende sekelmaan
2027-01-03	24.243	🌘	Afnemende sekelmaan
2027-01-04	25.101	🌘	Afnemende sekelmaan
2027-01-05	25.951	🌘	Afnemende sekelmaan
2027-01-06	26.795	🌘	Afnemende sekelmaan
2027-01-07	27.635	🌑	Donkermaan
2027-01-08	 0.475	🌒	Groeiende sekelmaan
2027-01-09	 1.316	🌒	Groeiende sekelmaan
2027-01-10	 2.162	🌒	Groeiende sekelmaan
2027-01-11	 3.014	🌒	Groeiende sekelmaan
2027-01-12	 3.878	🌒	Groeiende sekelmaan
2027-01-13	 4.757	🌒	Groeiende sekelmaan
2027-01-14	 5.657	🌒	Groeiende sekelmaan
2027-01-15	 6.583	🌓	Eerste kwartier
2027-01-16	 7.538	🌔	Groeiende bolmaan
2027-01-17	 8.527	🌔	Groeiende bolmaan
2027-01-18	 9.551	🌔	Groeiende bolmaan
2027-01-19	10.607	🌔	Groeiende bolmaan
2027-01-20	11.690	🌔	Groeiende bolmaan
2027-01-21	12.790	🌔	Groeiende bolmaan
2027-01-22	13.894	🌕	Volmaan
2027-01-23	14.991	🌖	Afnemende bolmaan
2027-01-24	16.068	🌖	Afnemende bolmaan
2027-01-25	17.116	🌖	Afnemende bolmaan
2027-01-26	18.130	🌖	Afnemende bolmaan
2027-01-27	19.108	🌖	Afnemende bolmaan
2027-01-28	20.052	🌖	Afnemende bolmaan
2027-01-29	20.965	🌗	Laaste kwartier
2027-01-30	21.853	🌘	Afnemende sekelmaan
2027-01-31	22.720	🌘	Afnemende sekelmaan
2027-02-01	23.574	🌘	Afnemende sekelmaan
2027-02-02	24.418	🌘	Afnemende sekelmaan
2027-02-03	25.257	🌘	Afnemende sekelmaan
2027-02-04	26.097	🌘	Afnemende sekelmaan
2027-02-05	26.940	🌘	Afnemende sekelmaan
2027-02-06	27.788	🌑	Donkermaan
2027-02-07	 0.646	🌒	Groeiende sekelmaan
2027-02-08	 1.515	🌒	Groeiende sekelmaan
2027-02-09	 2.396	🌒	Groeiende sekelmaan
2027-02-10	 3.294	🌒	Groeiende sekelmaan
2027-02-11	 4.209	🌒	Groeiende sekelmaan
2027-02-12	 5.144	🌒	Groeiende sekelmaan
2027-02-13	 6.101	🌒	Groeiende sekelmaan
2027-02-14	 7.083	🌓	Eerste kwartier
2027-02-15	 8.091	🌔	Groeiende bolmaan
2027-02-16	 9.122	🌔	Groeiende bolmaan
2027-02-17	10.176	🌔	Groeiende bolmaan
2027-02-18	11.246	🌔	Groeiende bolmaan
2027-02-19	12.324	🌔	Groeiende bolmaan
2027-02-20	13.402	🌔	Groeiende bolmaan
2027-02-21	14.469	🌕	Volmaan
2027-02-22	15.516	🌖	Afnemende bolmaan
2027-02-23	16.536	🌖	Afnemende bolmaan
2027-02-24	17.524	🌖	Afnemende bolmaan
2027-02-25	18.479	🌖	Afnemende bolmaan
2027-02-26	19.402	🌖	Afnemende bolmaan
2027-02-27	20.298	🌖	Afnemende bolmaan
2027-02-28	21.170	🌗	Laaste kwartier
2027-03-01	22.025	🌘	Afnemende sekelmaan
2027-03-02	22.869	🌘	Afnemende sekelmaan
2027-03-03	23.709	🌘	Afnemende sekelmaan
2027-03-04	24.550	🌘	Afnemende sekelmaan
2027-03-05	25.398	🌘	Afnemende sekelmaan
2027-03-06	26.257	🌘	Afnemende sekelmaan
2027-03-07	27.129	🌘	Afnemende sekelmaan
2027-03-08	 0.019	🌑	Donkermaan
2027-03-09	 0.926	🌒	Groeiende sekelmaan
2027-03-10	 1.851	🌒	Groeiende sekelmaan
2027-03-11	 2.794	🌒	Groeiende sekelmaan
2027-03-12	 3.755	🌒	Groeiende sekelmaan
2027-03-13	 4.731	🌒	Groeiende sekelmaan
2027-03-14	 5.723	🌒	Groeiende sekelmaan
2027-03-15	 6.728	🌓	Eerste kwartier
2027-03-16	 7.747	🌔	Groeiende bolmaan
2027-03-17	 8.777	🌔	Groeiende bolmaan
2027-03-18	 9.816	🌔	Groeiende bolmaan
2027-03-19	10.860	🌔	Groeiende bolmaan
2027-03-20	11.904	🌔	Groeiende bolmaan
2027-03-21	12.943	🌔	Groeiende bolmaan
2027-03-22	13.969	🌕	Volmaan
2027-03-23	14.975	🌖	Afnemende bolmaan
2027-03-24	15.957	🌖	Afnemende bolmaan
2027-03-25	16.912	🌖	Afnemende bolmaan
2027-03-26	17.838	🌖	Afnemende bolmaan
2027-03-27	18.738	🌖	Afnemende bolmaan
2027-03-28	19.614	🌖	Afnemende bolmaan
2027-03-29	20.473	🌖	Afnemende bolmaan
2027-03-30	21.320	🌗	Laaste kwartier
2027-03-31	22.162	🌘	Afnemende sekelmaan
2027-04-01	23.005	🌘	Afnemende sekelmaan
2027-04-02	23.858	🌘	Afnemende sekelmaan
2027-04-03	24.724	🌘	Afnemende sekelmaan
2027-04-04	25.610	🌘	Afnemende sekelmaan
2027-04-05	26.518	🌘	Afnemende sekelmaan
2027-04-06	27.451	🌘	Afnemende sekelmaan
2027-04-07	 0.407	🌑	Donkermaan
2027-04-08	 1.384	🌒	Groeiende sekelmaan
2027-04-09	 2.379	🌒	Groeiende sekelmaan
2027-04-10	 3.387	🌒	Groeiende sekelmaan
2027-04-11	 4.404	🌒	Groeiende sekelmaan
2027-04-12	 5.425	🌒	Groeiende sekelmaan
2027-04-13	 6.448	🌒	Groeiende sekelmaan
2027-04-14	 7.470	🌓	Eerste kwartier
2027-04-15	 8.491	🌔	Groeiende bolmaan
2027-04-16	 9.508	🌔	Groeiende bolmaan
2027-04-17	10.520	🌔	Groeiende bolmaan
2027-04-18	11.525	🌔	Groeiende bolmaan
2027-04-19	12.519	🌔	Groeiende bolmaan
2027-04-20	13.498	🌔	Groeiende bolmaan
2027-04-21	14.460	🌕	Volmaan
2027-04-22	15.400	🌖	Afnemende bolmaan
2027-04-23	16.317	🌖	Afnemende bolmaan
2027-04-24	17.213	🌖	Afnemende bolmaan
2027-04-25	18.088	🌖	Afnemende bolmaan
2027-04-26	18.947	🌖	Afnemende bolmaan
2027-04-27	19.795	🌖	Afnemende bolmaan
2027-04-28	20.638	🌗	Laaste kwartier
2027-04-29	21.483	🌘	Afnemende sekelmaan
2027-04-30	22.337	🌘	Afnemende sekelmaan
2027-05-01	23.208	🌘	Afnemende sekelmaan
2027-05-02	24.101	🌘	Afnemende sekelmaan
2027-05-03	25.021	🌘	Afnemende sekelmaan
2027-05-04	25.971	🌘	Afnemende sekelmaan
2027-05-05	26.951	🌘	Afnemende sekelmaan
2027-05-06	27.958	🌑	Donkermaan
2027-05-07	 0.987	🌒	Groeiende sekelmaan
2027-05-08	 2.031	🌒	Groeiende sekelmaan
2027-05-09	 3.082	🌒	Groeiende sekelmaan
2027-05-10	 4.131	🌒	Groeiende sekelmaan
2027-05-11	 5.173	🌒	Groeiende sekelmaan
2027-05-12	 6.204	🌒	Groeiende sekelmaan
2027-05-13	 7.222	🌓	Eerste kwartier
2027-05-14	 8.227	🌔	Groeiende bolmaan
2027-05-15	 9.218	🌔	Groeiende bolmaan
2027-05-16	10.196	🌔	Groeiende bolmaan
2027-05-17	11.161	🌔	Groeiende bolmaan
2027-05-18	12.111	🌔	Groeiende bolmaan
2027-05-19	13.045	🌔	Groeiende bolmaan
2027-05-20	13.962	🌕	Volmaan
2027-05-21	14.863	🌖	Afnemende bolmaan
2027-05-22	15.746	🌖	Afnemende bolmaan
2027-05-23	16.613	🌖	Afnemende bolmaan
2027-05-24	17.468	🌖	Afnemende bolmaan
2027-05-25	18.314	🌖	Afnemende bolmaan
2027-05-26	19.157	🌖	Afnemende bolmaan
2027-05-27	20.002	🌖	Afnemende bolmaan
2027-05-28	20.857	🌗	Laaste kwartier
2027-05-29	21.728	🌘	Afnemende sekelmaan
2027-05-30	22.622	🌘	Afnemende sekelmaan
2027-05-31	23.545	🌘	Afnemende sekelmaan
2027-06-01	24.502	🌘	Afnemende sekelmaan
2027-06-02	25.493	🌘	Afnemende sekelmaan
2027-06-03	26.517	🌘	Afnemende sekelmaan
2027-06-04	27.569	🌑	Donkermaan
2027-06-05	 0.641	🌒	Groeiende sekelmaan
2027-06-06	 1.723	🌒	Groeiende sekelmaan
2027-06-07	 2.802	🌒	Groeiende sekelmaan
2027-06-08	 3.871	🌒	Groeiende sekelmaan
2027-06-09	 4.923	🌒	Groeiende sekelmaan
2027-06-10	 5.953	🌒	Groeiende sekelmaan
2027-06-11	 6.961	🌓	Eerste kwartier
2027-06-12	 7.946	🌔	Groeiende bolmaan
2027-06-13	 8.909	🌔	Groeiende bolmaan
2027-06-14	 9.853	🌔	Groeiende bolmaan
2027-06-15	10.780	🌔	Groeiende bolmaan
2027-06-16	11.690	🌔	Groeiende bolmaan
2027-06-17	12.584	🌔	Groeiende bolmaan
2027-06-18	13.465	🌔	Groeiende bolmaan
2027-06-19	14.333	🌕	Volmaan
2027-06-20	15.190	🌖	Afnemende bolmaan
2027-06-21	16.039	🌖	Afnemende bolmaan
2027-06-22	16.883	🌖	Afnemende bolmaan
2027-06-23	17.725	🌖	Afnemende bolmaan
2027-06-24	18.572	🌖	Afnemende bolmaan
2027-06-25	19.427	🌖	Afnemende bolmaan
2027-06-26	20.298	🌖	Afnemende bolmaan
2027-06-27	21.191	🌗	Laaste kwartier
2027-06-28	22.112	🌘	Afnemende sekelmaan
2027-06-29	23.066	🌘	Afnemende sekelmaan
2027-06-30	24.055	🌘	Afnemende sekelmaan
2027-07-01	25.080	🌘	Afnemende sekelmaan
2027-07-02	26.138	🌘	Afnemende sekelmaan
2027-07-03	27.221	🌘	Afnemende sekelmaan
2027-07-04	 0.319	🌑	Donkermaan
2027-07-05	 1.421	🌒	Groeiende sekelmaan
2027-07-06	 2.515	🌒	Groeiende sekelmaan
2027-07-07	 3.590	🌒	Groeiende sekelmaan
2027-07-08	 4.639	🌒	Groeiende sekelmaan
2027-07-09	 5.660	🌒	Groeiende sekelmaan
2027-07-10	 6.650	🌓	Eerste kwartier
2027-07-11	 7.611	🌔	Groeiende bolmaan
2027-07-12	 8.547	🌔	Groeiende bolmaan
2027-07-13	 9.459	🌔	Groeiende bolmaan
2027-07-14	10.352	🌔	Groeiende bolmaan
2027-07-15	11.229	🌔	Groeiende bolmaan
2027-07-16	12.094	🌔	Groeiende bolmaan
2027-07-17	12.949	🌔	Groeiende bolmaan
2027-07-18	13.797	🌕	Volmaan
2027-07-19	14.641	🌖	Afnemende bolmaan
2027-07-20	15.484	🌖	Afnemende bolmaan
2027-07-21	16.330	🌖	Afnemende bolmaan
2027-07-22	17.180	🌖	Afnemende bolmaan
2027-07-23	18.041	🌖	Afnemende bolmaan
2027-07-24	18.916	🌖	Afnemende bolmaan
2027-07-25	19.811	🌖	Afnemende bolmaan
2027-07-26	20.730	🌗	Laaste kwartier
2027-07-27	21.677	🌘	Afnemende sekelmaan
2027-07-28	22.657	🌘	Afnemende sekelmaan
2027-07-29	23.671	🌘	Afnemende sekelmaan
2027-07-30	24.718	🌘	Afnemende sekelmaan
2027-07-31	25.794	🌘	Afnemende sekelmaan
2027-08-01	26.890	🌘	Afnemende sekelmaan
2027-08-02	27.996	🌑	Donkermaan
2027-08-03	 1.100	🌒	Groeiende sekelmaan
2027-08-04	 2.190	🌒	Groeiende sekelmaan
2027-08-05	 3.256	🌒	Groeiende sekelmaan
2027-08-06	 4.291	🌒	Groeiende sekelmaan
2027-08-07	 5.293	🌒	Groeiende sekelmaan
2027-08-08	 6.260	🌒	Groeiende sekelmaan
2027-08-09	 7.196	🌓	Eerste kwartier
2027-08-10	 8.104	🌔	Groeiende bolmaan
2027-08-11	 8.988	🌔	Groeiende bolmaan
2027-08-12	 9.856	🌔	Groeiende bolmaan
2027-08-13	10.710	🌔	Groeiende bolmaan
2027-08-14	11.557	🌔	Groeiende bolmaan
2027-08-15	12.400	🌔	Groeiende bolmaan
2027-08-16	13.243	🌔	Groeiende bolmaan
2027-08-17	14.089	🌕	Volmaan
2027-08-18	14.941	🌖	Afnemende bolmaan
2027-08-19	15.802	🌖	Afnemende bolmaan
2027-08-20	16.675	🌖	Afnemende bolmaan
2027-08-21	17.562	🌖	Afnemende bolmaan
2027-08-22	18.465	🌖	Afnemende bolmaan
2027-08-23	19.389	🌖	Afnemende bolmaan
2027-08-24	20.336	🌖	Afnemende bolmaan
2027-08-25	21.308	🌗	Laaste kwartier
2027-08-26	22.308	🌘	Afnemende sekelmaan
2027-08-27	23.336	🌘	Afnemende sekelmaan
2027-08-28	24.390	🌘	Afnemende sekelmaan
2027-08-29	25.466	🌘	Afnemende sekelmaan
2027-08-30	26.556	🌘	Afnemende sekelmaan
2027-08-31	27.650	🌑	Donkermaan
2027-09-01	 0.738	🌒	Groeiende sekelmaan
2027-09-02	 1.807	🌒	Groeiende sekelmaan
2027-09-03	 2.850	🌒	Groeiende sekelmaan
2027-09-04	 3.860	🌒	Groeiende sekelmaan
2027-09-05	 4.834	🌒	Groeiende sekelmaan
2027-09-06	 5.774	🌒	Groeiende sekelmaan
2027-09-07	 6.683	🌓	Eerste kwartier
2027-09-08	 7.566	🌔	Groeiende bolmaan
2027-09-09	 8.430	🌔	Groeiende bolmaan
2027-09-10	 9.280	🌔	Groeiende bolmaan
2027-09-11	10.122	🌔	Groeiende bolmaan
2027-09-12	10.964	🌔	Groeiende bolmaan
2027-09-13	11.808	🌔	Groeiende bolmaan
2027-09-14	12.661	🌔	Groeiende bolmaan
2027-09-15	13.524	🌔	Groeiende bolmaan
2027-09-16	14.401	🌕	Volmaan
2027-09-17	15.292	🌖	Afnemende bolmaan
2027-09-18	16.199	🌖	Afnemende bolmaan
2027-09-19	17.122	🌖	Afnemende bolmaan
2027-09-20	18.062	🌖	Afnemende bolmaan
2027-09-21	19.018	🌖	Afnemende bolmaan
2027-09-22	19.993	🌖	Afnemende bolmaan
2027-09-23	20.985	🌗	Laaste kwartier
2027-09-24	21.997	🌘	Afnemende sekelmaan
2027-09-25	23.028	🌘	Afnemende sekelmaan
2027-09-26	24.076	🌘	Afnemende sekelmaan
2027-09-27	25.136	🌘	Afnemende sekelmaan
2027-09-28	26.203	🌘	Afnemende sekelmaan
2027-09-29	27.269	🌘	Afnemende sekelmaan
2027-09-30	 0.323	🌑	Donkermaan
2027-10-01	 1.357	🌒	Groeiende sekelmaan
2027-10-02	 2.363	🌒	Groeiende sekelmaan
2027-10-03	 3.338	🌒	Groeiende sekelmaan
2027-10-04	 4.279	🌒	Groeiende sekelmaan
2027-10-05	 5.190	🌒	Groeiende sekelmaan
2027-10-06	 6.073	🌒	Groeiende sekelmaan
2027-10-07	 6.936	🌓	Eerste kwartier
2027-10-08	 7.784	🌔	Groeiende bolmaan
2027-10-09	 8.626	🌔	Groeiende bolmaan
2027-10-10	 9.467	🌔	Groeiende bolmaan
2027-10-11	10.314	🌔	Groeiende bolmaan
2027-10-12	11.173	🌔	Groeiende bolmaan
2027-10-13	12.048	🌔	Groeiende bolmaan
2027-10-14	12.941	🌔	Groeiende bolmaan
2027-10-15	13.854	🌕	Volmaan
2027-10-16	14.786	🌖	Afnemende bolmaan
2027-10-17	15.737	🌖	Afnemende bolmaan
2027-10-18	16.704	🌖	Afnemende bolmaan
2027-10-19	17.683	🌖	Afnemende bolmaan
2027-10-20	18.674	🌖	Afnemende bolmaan
2027-10-21	19.674	🌖	Afnemende bolmaan
2027-10-22	20.683	🌗	Laaste kwartier
2027-10-23	21.700	🌘	Afnemende sekelmaan
2027-10-24	22.725	🌘	Afnemende sekelmaan
2027-10-25	23.755	🌘	Afnemende sekelmaan
2027-10-26	24.788	🌘	Afnemende sekelmaan
2027-10-27	25.819	🌘	Afnemende sekelmaan
2027-10-28	26.842	🌘	Afnemende sekelmaan
2027-10-29	27.850	🌑	Donkermaan
2027-10-30	 0.837	🌒	Groeiende sekelmaan
2027-10-31	 1.798	🌒	Groeiende sekelmaan
2027-11-01	 2.732	🌒	Groeiende sekelmaan
2027-11-02	 3.638	🌒	Groeiende sekelmaan
2027-11-03	 4.520	🌒	Groeiende sekelmaan
2027-11-04	 5.382	🌒	Groeiende sekelmaan
2027-11-05	 6.229	🌒	Groeiende sekelmaan
2027-11-06	 7.070	🌓	Eerste kwartier
2027-11-07	 7.910	🌔	Groeiende bolmaan
2027-11-08	 8.758	🌔	Groeiende bolmaan
2027-11-09	 9.619	🌔	Groeiende bolmaan
2027-11-10	10.500	🌔	Groeiende bolmaan
2027-11-11	11.404	🌔	Groeiende bolmaan
2027-11-12	12.334	🌔	Groeiende bolmaan
2027-11-13	13.290	🌔	Groeiende bolmaan
2027-11-14	14.270	🌕	Volmaan
2027-11-15	15.268	🌖	Afnemende bolmaan
2027-11-16	16.281	🌖	Afnemende bolmaan
2027-11-17	17.302	🌖	Afnemende bolmaan
2027-11-18	18.326	🌖	Afnemende bolmaan
2027-11-19	19.351	🌖	Afnemende bolmaan
2027-11-20	20.372	🌖	Afnemende bolmaan
2027-11-21	21.389	🌗	Laaste kwartier
2027-11-22	22.400	🌘	Afnemende sekelmaan
2027-11-23	23.406	🌘	Afnemende sekelmaan
2027-11-24	24.403	🌘	Afnemende sekelmaan
2027-11-25	25.390	🌘	Afnemende sekelmaan
2027-11-26	26.362	🌘	Afnemende sekelmaan
2027-11-27	27.318	🌘	Afnemende sekelmaan
2027-11-28	 0.255	🌑	Donkermaan
2027-11-29	 1.170	🌒	Groeiende sekelmaan
2027-11-30	 2.064	🌒	Groeiende sekelmaan
2027-12-01	 2.938	🌒	Groeiende sekelmaan
2027-12-02	 3.795	🌒	Groeiende sekelmaan
2027-12-03	 4.641	🌒	Groeiende sekelmaan
2027-12-04	 5.479	🌒	Groeiende sekelmaan
2027-12-05	 6.318	🌒	Groeiende sekelmaan
2027-12-06	 7.164	🌓	Eerste kwartier
2027-12-07	 8.023	🌔	Groeiende bolmaan
2027-12-08	 8.903	🌔	Groeiende bolmaan
2027-12-09	 9.809	🌔	Groeiende bolmaan
2027-12-10	10.744	🌔	Groeiende bolmaan
2027-12-11	11.712	🌔	Groeiende bolmaan
2027-12-12	12.709	🌔	Groeiende bolmaan
2027-12-13	13.734	🌕	Volmaan
2027-12-14	14.778	🌖	Afnemende bolmaan
2027-12-15	15.834	🌖	Afnemende bolmaan
2027-12-16	16.894	🌖	Afnemende bolmaan
2027-12-17	17.948	🌖	Afnemende bolmaan
2027-12-18	18.992	🌖	Afnemende bolmaan
2027-12-19	20.022	🌖	Afnemende bolmaan
2027-12-20	21.034	🌗	Laaste kwartier
2027-12-21	22.028	🌘	Afnemende sekelmaan
2027-12-22	23.004	🌘	Afnemende sekelmaan
2027-12-23	23.962	🌘	Afnemende sekelmaan
2027-12-24	24.903	🌘	Afnemende sekelmaan
2027-12-25	25.827	🌘	Afnemende sekelmaan
2027-12-26	26.734	🌘	Afnemende sekelmaan
2027-12-27	27.625	🌑	Donkermaan
2027-12-28	 0.501	🌒	Groeiende sekelmaan
2027-12-29	 1.363	🌒	Groeiende sekelmaan
2027-12-30	 2.213	🌒	Groeiende sekelmaan
2027-12-31	 3.055	🌒	Groeiende sekelmaan
2028-01-01	 3.892	🌒	Groeiende sekelmaan
2028-01-02	 4.730	🌒	Groeiende sekelmaan
2028-01-03	 5.574	🌒	Groeiende sekelmaan
2028-01-04	 6.431	🌒	Groeiende sekelmaan
2028-01-05	 7.306	🌓	Eerste kwartier
2028-01-06	 8.205	🌔	Groeiende bolmaan
2028-01-07	 9.135	🌔	Groeiende bolmaan
2028-01-08	10.098	🌔	Groeiende bolmaan
2028-01-09	11.096	🌔	Groeiende bolmaan
2028-01-10	12.128	🌔	Groeiende bolmaan
2028-01-11	13.188	🌔	Groeiende bolmaan
2028-01-12	14.269	🌕	Volmaan
2028-01-13	15.359	🌖	Afnemende bolmaan
2028-01-14	16.448	🌖	Afnemende bolmaan
2028-01-15	17.525	🌖	Afnemende bolmaan
2028-01-16	18.581	🌖	Afnemende bolmaan
2028-01-17	19.612	🌖	Afnemende bolmaan
2028-01-18	20.614	🌗	Laaste kwartier
2028-01-19	21.587	🌘	Afnemende sekelmaan
2028-01-20	22.533	🌘	Afnemende sekelmaan
2028-01-21	23.455	🌘	Afnemende sekelmaan
2028-01-22	24.356	🌘	Afnemende sekelmaan
2028-01-23	25.240	🌘	Afnemende sekelmaan
2028-01-24	26.109	🌘	Afnemende sekelmaan
2028-01-25	26.967	🌘	Afnemende sekelmaan
2028-01-26	27.816	🌑	Donkermaan
2028-01-27	 0.659	🌒	Groeiende sekelmaan
2028-01-28	 1.498	🌒	Groeiende sekelmaan
2028-01-29	 2.337	🌒	Groeiende sekelmaan
2028-01-30	 3.178	🌒	Groeiende sekelmaan
2028-01-31	 4.025	🌒	Groeiende sekelmaan
2028-02-01	 4.883	🌒	Groeiende sekelmaan
2028-02-02	 5.757	🌒	Groeiende sekelmaan
2028-02-03	 6.651	🌓	Eerste kwartier
2028-02-04	 7.571	🌔	Groeiende bolmaan
2028-02-05	 8.522	🌔	Groeiende bolmaan
2028-02-06	 9.508	🌔	Groeiende bolmaan
2028-02-07	10.528	🌔	Groeiende bolmaan
2028-02-08	11.582	🌔	Groeiende bolmaan
2028-02-09	12.664	🌔	Groeiende bolmaan
2028-02-10	13.766	🌕	Volmaan
2028-02-11	14.875	🌖	Afnemende bolmaan
2028-02-12	15.977	🌖	Afnemende bolmaan
2028-02-13	17.061	🌖	Afnemende bolmaan
2028-02-14	18.116	🌖	Afnemende bolmaan
2028-02-15	19.137	🌖	Afnemende bolmaan
2028-02-16	20.122	🌖	Afnemende bolmaan
2028-02-17	21.072	🌗	Laaste kwartier
2028-02-18	21.991	🌘	Afnemende sekelmaan
2028-02-19	22.883	🌘	Afnemende sekelmaan
2028-02-20	23.755	🌘	Afnemende sekelmaan
2028-02-21	24.612	🌘	Afnemende sekelmaan
2028-02-22	25.458	🌘	Afnemende sekelmaan
2028-02-23	26.299	🌘	Afnemende sekelmaan
2028-02-24	27.138	🌘	Afnemende sekelmaan
2028-02-25	27.978	🌑	Donkermaan
2028-02-26	 0.821	🌒	Groeiende sekelmaan
2028-02-27	 1.671	🌒	Groeiende sekelmaan
2028-02-28	 2.528	🌒	Groeiende sekelmaan
2028-02-29	 3.396	🌒	Groeiende sekelmaan
2028-03-01	 4.278	🌒	Groeiende sekelmaan
2028-03-02	 5.176	🌒	Groeiende sekelmaan
2028-03-03	 6.095	🌒	Groeiende sekelmaan
2028-03-04	 7.038	🌓	Eerste kwartier
2028-03-05	 8.009	🌔	Groeiende bolmaan
2028-03-06	 9.012	🌔	Groeiende bolmaan
2028-03-07	10.047	🌔	Groeiende bolmaan
2028-03-08	11.111	🌔	Groeiende bolmaan
2028-03-09	12.200	🌔	Groeiende bolmaan
2028-03-10	13.303	🌔	Groeiende bolmaan
2028-03-11	14.409	🌕	Volmaan
2028-03-12	15.503	🌖	Afnemende bolmaan
2028-03-13	16.573	🌖	Afnemende bolmaan
2028-03-14	17.611	🌖	Afnemende bolmaan
2028-03-15	18.610	🌖	Afnemende bolmaan
2028-03-16	19.572	🌖	Afnemende bolmaan
2028-03-17	20.497	🌖	Afnemende bolmaan
2028-03-18	21.392	🌗	Laaste kwartier
2028-03-19	22.263	🌘	Afnemende sekelmaan
2028-03-20	23.117	🌘	Afnemende sekelmaan
2028-03-21	23.961	🌘	Afnemende sekelmaan
2028-03-22	24.800	🌘	Afnemende sekelmaan
2028-03-23	25.639	🌘	Afnemende sekelmaan
2028-03-24	26.483	🌘	Afnemende sekelmaan
2028-03-25	27.335	🌘	Afnemende sekelmaan
2028-03-26	 0.197	🌑	Donkermaan
2028-03-27	 1.071	🌒	Groeiende sekelmaan
2028-03-28	 1.957	🌒	Groeiende sekelmaan
2028-03-29	 2.857	🌒	Groeiende sekelmaan
2028-03-30	 3.771	🌒	Groeiende sekelmaan
2028-03-31	 4.702	🌒	Groeiende sekelmaan
2028-04-01	 5.650	🌒	Groeiende sekelmaan
2028-04-02	 6.620	🌓	Eerste kwartier
2028-04-03	 7.612	🌔	Groeiende bolmaan
2028-04-04	 8.629	🌔	Groeiende bolmaan
2028-04-05	 9.671	🌔	Groeiende bolmaan
2028-04-06	10.735	🌔	Groeiende bolmaan
2028-04-07	11.814	🌔	Groeiende bolmaan
2028-04-08	12.899	🌔	Groeiende bolmaan
2028-04-09	13.980	🌕	Volmaan
2028-04-10	15.043	🌖	Afnemende bolmaan
2028-04-11	16.080	🌖	Afnemende bolmaan
2028-04-12	17.084	🌖	Afnemende bolmaan
2028-04-13	18.052	🌖	Afnemende bolmaan
2028-04-14	18.984	🌖	Afnemende bolmaan
2028-04-15	19.886	🌖	Afnemende bolmaan
2028-04-16	20.762	🌗	Laaste kwartier
2028-04-17	21.619	🌘	Afnemende sekelmaan
2028-04-18	22.465	🌘	Afnemende sekelmaan
2028-04-19	23.307	🌘	Afnemende sekelmaan
2028-04-20	24.150	🌘	Afnemende sekelmaan
2028-04-21	25.001	🌘	Afnemende sekelmaan
2028-04-22	25.863	🌘	Afnemende sekelmaan
2028-04-23	26.739	🌘	Afnemende sekelmaan
2028-04-24	27.631	🌑	Donkermaan
2028-04-25	 0.540	🌒	Groeiende sekelmaan
2028-04-26	 1.465	🌒	Groeiende sekelmaan
2028-04-27	 2.405	🌒	Groeiende sekelmaan
2028-04-28	 3.359	🌒	Groeiende sekelmaan
2028-04-29	 4.328	🌒	Groeiende sekelmaan
2028-04-30	 5.311	🌒	Groeiende sekelmaan
2028-05-01	 6.308	🌒	Groeiende sekelmaan
2028-05-02	 7.321	🌓	Eerste kwartier
2028-05-03	 8.348	🌔	Groeiende bolmaan
2028-05-04	 9.389	🌔	Groeiende bolmaan
2028-05-05	10.439	🌔	Groeiende bolmaan
2028-05-06	11.493	🌔	Groeiende bolmaan
2028-05-07	12.543	🌔	Groeiende bolmaan
2028-05-08	13.581	🌕	Volmaan
2028-05-09	14.598	🌖	Afnemende bolmaan
2028-05-10	15.589	🌖	Afnemende bolmaan
2028-05-11	16.550	🌖	Afnemende bolmaan
2028-05-12	17.481	🌖	Afnemende bolmaan
2028-05-13	18.384	🌖	Afnemende bolmaan
2028-05-14	19.263	🌖	Afnemende bolmaan
2028-05-15	20.124	🌖	Afnemende bolmaan
2028-05-16	20.974	🌗	Laaste kwartier
2028-05-17	21.820	🌘	Afnemende sekelmaan
2028-05-18	22.667	🌘	Afnemende sekelmaan
2028-05-19	23.523	🌘	Afnemende sekelmaan
2028-05-20	24.393	🌘	Afnemende sekelmaan
2028-05-21	25.281	🌘	Afnemende sekelmaan
2028-05-22	26.189	🌘	Afnemende sekelmaan
2028-05-23	27.118	🌘	Afnemende sekelmaan
2028-05-24	 0.069	🌑	Donkermaan
2028-05-25	 1.038	🌒	Groeiende sekelmaan
2028-05-26	 2.024	🌒	Groeiende sekelmaan
2028-05-27	 3.024	🌒	Groeiende sekelmaan
2028-05-28	 4.034	🌒	Groeiende sekelmaan
2028-05-29	 5.051	🌒	Groeiende sekelmaan
2028-05-30	 6.075	🌒	Groeiende sekelmaan
2028-05-31	 7.102	🌓	Eerste kwartier
2028-06-01	 8.131	🌔	Groeiende bolmaan
2028-06-02	 9.160	🌔	Groeiende bolmaan
2028-06-03	10.184	🌔	Groeiende bolmaan
2028-06-04	11.200	🌔	Groeiende bolmaan
2028-06-05	12.203	🌔	Groeiende bolmaan
2028-06-06	13.188	🌔	Groeiende bolmaan
2028-06-07	14.153	🌕	Volmaan
2028-06-08	15.095	🌖	Afnemende bolmaan
2028-06-09	16.013	🌖	Afnemende bolmaan
2028-06-10	16.909	🌖	Afnemende bolmaan
2028-06-11	17.786	🌖	Afnemende bolmaan
2028-06-12	18.647	🌖	Afnemende bolmaan
2028-06-13	19.499	🌖	Afnemende bolmaan
2028-06-14	20.347	🌖	Afnemende bolmaan
2028-06-15	21.196	🌗	Laaste kwartier
2028-06-16	22.055	🌘	Afnemende sekelmaan
2028-06-17	22.928	🌘	Afnemende sekelmaan
2028-06-18	23.821	🌘	Afnemende sekelmaan
2028-06-19	24.737	🌘	Afnemende sekelmaan
2028-06-20	25.680	🌘	Afnemende sekelmaan
2028-06-21	26.649	🌘	Afnemende sekelmaan
2028-06-22	27.644	🌑	Donkermaan
2028-06-23	 0.660	🌒	Groeiende sekelmaan
2028-06-24	 1.693	🌒	Groeiende sekelmaan
2028-06-25	 2.737	🌒	Groeiende sekelmaan
2028-06-26	 3.786	🌒	Groeiende sekelmaan
2028-06-27	 4.834	🌒	Groeiende sekelmaan
2028-06-28	 5.875	🌒	Groeiende sekelmaan
2028-06-29	 6.907	🌓	Eerste kwartier
2028-06-30	 7.926	🌔	Groeiende bolmaan
2028-07-01	 8.930	🌔	Groeiende bolmaan
2028-07-02	 9.918	🌔	Groeiende bolmaan
2028-07-03	10.888	🌔	Groeiende bolmaan
2028-07-04	11.841	🌔	Groeiende bolmaan
2028-07-05	12.775	🌔	Groeiende bolmaan
2028-07-06	13.691	🌕	Volmaan
2028-07-07	14.590	🌖	Afnemende bolmaan
2028-07-08	15.473	🌖	Afnemende bolmaan
2028-07-09	16.341	🌖	Afnemende bolmaan
2028-07-10	17.199	🌖	Afnemende bolmaan
2028-07-11	18.049	🌖	Afnemende bolmaan
2028-07-12	18.896	🌖	Afnemende bolmaan
2028-07-13	19.746	🌖	Afnemende bolmaan
2028-07-14	20.604	🌗	Laaste kwartier
2028-07-15	21.476	🌘	Afnemende sekelmaan
2028-07-16	22.367	🌘	Afnemende sekelmaan
2028-07-17	23.284	🌘	Afnemende sekelmaan
2028-07-18	24.229	🌘	Afnemende sekelmaan
2028-07-19	25.205	🌘	Afnemende sekelmaan
2028-07-20	26.213	🌘	Afnemende sekelmaan
2028-07-21	27.249	🌘	Afnemende sekelmaan
2028-07-22	 0.310	🌑	Donkermaan
2028-07-23	 1.385	🌒	Groeiende sekelmaan
2028-07-24	 2.467	🌒	Groeiende sekelmaan
2028-07-25	 3.545	🌒	Groeiende sekelmaan
2028-07-26	 4.610	🌒	Groeiende sekelmaan
2028-07-27	 5.656	🌒	Groeiende sekelmaan
2028-07-28	 6.678	🌓	Eerste kwartier
2028-07-29	 7.675	🌔	Groeiende bolmaan
2028-07-30	 8.646	🌔	Groeiende bolmaan
2028-07-31	 9.594	🌔	Groeiende bolmaan
2028-08-01	10.521	🌔	Groeiende bolmaan
2028-08-02	11.428	🌔	Groeiende bolmaan
2028-08-03	12.320	🌔	Groeiende bolmaan
2028-08-04	13.199	🌔	Groeiende bolmaan
2028-08-05	14.066	🌕	Volmaan
2028-08-06	14.924	🌖	Afnemende bolmaan
2028-08-07	15.775	🌖	Afnemende bolmaan
2028-08-08	16.623	🌖	Afnemende bolmaan
2028-08-09	17.470	🌖	Afnemende bolmaan
2028-08-10	18.320	🌖	Afnemende bolmaan
2028-08-11	19.177	🌖	Afnemende bolmaan
2028-08-12	20.047	🌖	Afnemende bolmaan
2028-08-13	20.934	🌗	Laaste kwartier
2028-08-14	21.844	🌘	Afnemende sekelmaan
2028-08-15	22.783	🌘	Afnemende sekelmaan
2028-08-16	23.754	🌘	Afnemende sekelmaan
2028-08-17	24.760	🌘	Afnemende sekelmaan
2028-08-18	25.801	🌘	Afnemende sekelmaan
2028-08-19	26.872	🌘	Afnemende sekelmaan
2028-08-20	27.966	🌑	Donkermaan
2028-08-21	 1.072	🌒	Groeiende sekelmaan
2028-08-22	 2.176	🌒	Groeiende sekelmaan
2028-08-23	 3.266	🌒	Groeiende sekelmaan
2028-08-24	 4.332	🌒	Groeiende sekelmaan
2028-08-25	 5.367	🌒	Groeiende sekelmaan
2028-08-26	 6.367	🌒	Groeiende sekelmaan
2028-08-27	 7.335	🌓	Eerste kwartier
2028-08-28	 8.271	🌔	Groeiende bolmaan
2028-08-29	 9.182	🌔	Groeiende bolmaan
2028-08-30	10.072	🌔	Groeiende bolmaan
2028-08-31	10.946	🌔	Groeiende bolmaan
2028-09-01	11.809	🌔	Groeiende bolmaan
2028-09-02	12.663	🌔	Groeiende bolmaan
2028-09-03	13.513	🌔	Groeiende bolmaan
2028-09-04	14.360	🌕	Volmaan
2028-09-05	15.207	🌖	Afnemende bolmaan
2028-09-06	16.055	🌖	Afnemende bolmaan
2028-09-07	16.908	🌖	Afnemende bolmaan
2028-09-08	17.769	🌖	Afnemende bolmaan
2028-09-09	18.640	🌖	Afnemende bolmaan
2028-09-10	19.525	🌖	Afnemende bolmaan
2028-09-11	20.431	🌖	Afnemende bolmaan
2028-09-12	21.361	🌗	Laaste kwartier
2028-09-13	22.321	🌘	Afnemende sekelmaan
2028-09-14	23.315	🌘	Afnemende sekelmaan
2028-09-15	24.344	🌘	Afnemende sekelmaan
2028-09-16	25.408	🌘	Afnemende sekelmaan
2028-09-17	26.499	🌘	Afnemende sekelmaan
2028-09-18	27.609	🌑	Donkermaan
2028-09-19	 0.724	🌒	Groeiende sekelmaan
2028-09-20	 1.829	🌒	Groeiende sekelmaan
2028-09-21	 2.910	🌒	Groeiende sekelmaan
2028-09-22	 3.959	🌒	Groeiende sekelmaan
2028-09-23	 4.969	🌒	Groeiende sekelmaan
2028-09-24	 5.942	🌒	Groeiende sekelmaan
2028-09-25	 6.878	🌓	Eerste kwartier
2028-09-26	 7.785	🌔	Groeiende bolmaan
2028-09-27	 8.667	🌔	Groeiende bolmaan
2028-09-28	 9.532	🌔	Groeiende bolmaan
2028-09-29	10.386	🌔	Groeiende bolmaan
2028-09-30	11.232	🌔	Groeiende bolmaan
2028-10-01	12.077	🌔	Groeiende bolmaan
2028-10-02	12.923	🌔	Groeiende bolmaan
2028-10-03	13.772	🌕	Volmaan
2028-10-04	14.626	🌖	Afnemende bolmaan
2028-10-05	15.488	🌖	Afnemende bolmaan
2028-10-06	16.358	🌖	Afnemende bolmaan
2028-10-07	17.238	🌖	Afnemende bolmaan
2028-10-08	18.131	🌖	Afnemende bolmaan
2028-10-09	19.039	🌖	Afnemende bolmaan
2028-10-10	19.968	🌖	Afnemende bolmaan
2028-10-11	20.921	🌗	Laaste kwartier
2028-10-12	21.902	🌘	Afnemende sekelmaan
2028-10-13	22.914	🌘	Afnemende sekelmaan
2028-10-14	23.957	🌘	Afnemende sekelmaan
2028-10-15	25.029	🌘	Afnemende sekelmaan
2028-10-16	26.121	🌘	Afnemende sekelmaan
2028-10-17	27.223	🌘	Afnemende sekelmaan
2028-10-18	 0.321	🌑	Donkermaan
2028-10-19	 1.402	🌒	Groeiende sekelmaan
2028-10-20	 2.455	🌒	Groeiende sekelmaan
2028-10-21	 3.472	🌒	Groeiende sekelmaan
2028-10-22	 4.451	🌒	Groeiende sekelmaan
2028-10-23	 5.393	🌒	Groeiende sekelmaan
2028-10-24	 6.303	🌒	Groeiende sekelmaan
2028-10-25	 7.186	🌓	Eerste kwartier
2028-10-26	 8.050	🌔	Groeiende bolmaan
2028-10-27	 8.900	🌔	Groeiende bolmaan
2028-10-28	 9.745	🌔	Groeiende bolmaan
2028-10-29	10.588	🌔	Groeiende bolmaan
2028-10-30	11.435	🌔	Groeiende bolmaan
2028-10-31	12.288	🌔	Groeiende bolmaan
2028-11-01	13.152	🌔	Groeiende bolmaan
2028-11-02	14.026	🌕	Volmaan
2028-11-03	14.912	🌖	Afnemende bolmaan
2028-11-04	15.810	🌖	Afnemende bolmaan
2028-11-05	16.721	🌖	Afnemende bolmaan
2028-11-06	17.646	🌖	Afnemende bolmaan
2028-11-07	18.587	🌖	Afnemende bolmaan
2028-11-08	19.546	🌖	Afnemende bolmaan
2028-11-09	20.526	🌗	Laaste kwartier
2028-11-10	21.527	🌘	Afnemende sekelmaan
2028-11-11	22.551	🌘	Afnemende sekelmaan
2028-11-12	23.595	🌘	Afnemende sekelmaan
2028-11-13	24.656	🌘	Afnemende sekelmaan
2028-11-14	25.727	🌘	Afnemende sekelmaan
2028-11-15	26.797	🌘	Afnemende sekelmaan
2028-11-16	27.855	🌑	Donkermaan
2028-11-17	 0.893	🌒	Groeiende sekelmaan
2028-11-18	 1.903	🌒	Groeiende sekelmaan
2028-11-19	 2.881	🌒	Groeiende sekelmaan
2028-11-20	 3.825	🌒	Groeiende sekelmaan
2028-11-21	 4.739	🌒	Groeiende sekelmaan
2028-11-22	 5.626	🌒	Groeiende sekelmaan
2028-11-23	 6.492	🌒	Groeiende sekelmaan
2028-11-24	 7.345	🌓	Eerste kwartier
2028-11-25	 8.190	🌔	Groeiende bolmaan
2028-11-26	 9.033	🌔	Groeiende bolmaan
2028-11-27	 9.882	🌔	Groeiende bolmaan
2028-11-28	10.739	🌔	Groeiende bolmaan
2028-11-29	11.610	🌔	Groeiende bolmaan
2028-11-30	12.497	🌔	Groeiende bolmaan
2028-12-01	13.400	🌔	Groeiende bolmaan
2028-12-02	14.321	🌕	Volmaan
2028-12-03	15.259	🌖	Afnemende bolmaan
2028-12-04	16.213	🌖	Afnemende bolmaan
2028-12-05	17.182	🌖	Afnemende bolmaan
2028-12-06	18.165	🌖	Afnemende bolmaan
2028-12-07	19.160	🌖	Afnemende bolmaan
2028-12-08	20.167	🌖	Afnemende bolmaan
2028-12-09	21.185	🌗	Laaste kwartier
2028-12-10	22.212	🌘	Afnemende sekelmaan
2028-12-11	23.244	🌘	Afnemende sekelmaan
2028-12-12	24.278	🌘	Afnemende sekelmaan
2028-12-13	25.309	🌘	Afnemende sekelmaan
2028-12-14	26.330	🌘	Afnemende sekelmaan
2028-12-15	27.336	🌘	Afnemende sekelmaan
2028-12-16	 0.321	🌑	Donkermaan
2028-12-17	 1.283	🌒	Groeiende sekelmaan
2028-12-18	 2.218	🌒	Groeiende sekelmaan
2028-12-19	 3.129	🌒	Groeiende sekelmaan
2028-12-20	 4.017	🌒	Groeiende sekelmaan
2028-12-21	 4.886	🌒	Groeiende sekelmaan
2028-12-22	 5.740	🌒	Groeiende sekelmaan
2028-12-23	 6.587	🌓	Eerste kwartier
2028-12-24	 7.431	🌔	Groeiende bolmaan
2028-12-25	 8.278	🌔	Groeiende bolmaan
2028-12-26	 9.136	🌔	Groeiende bolmaan
2028-12-27	10.009	🌔	Groeiende bolmaan
2028-12-28	10.902	🌔	Groeiende bolmaan
2028-12-29	11.818	🌔	Groeiende bolmaan
2028-12-30	12.758	🌔	Groeiende bolmaan
2028-12-31	13.722	🌕	Volmaan
2029-01-01	14.708	🌖	Afnemende bolmaan
2029-01-02	15.714	🌖	Afnemende bolmaan
2029-01-03	16.733	🌖	Afnemende bolmaan
2029-01-04	17.762	🌖	Afnemende bolmaan
2029-01-05	18.794	🌖	Afnemende bolmaan
2029-01-06	19.826	🌖	Afnemende bolmaan
2029-01-07	20.853	🌗	Laaste kwartier
2029-01-08	21.872	🌘	Afnemende sekelmaan
2029-01-09	22.881	🌘	Afnemende sekelmaan
2029-01-10	23.878	🌘	Afnemende sekelmaan
2029-01-11	24.861	🌘	Afnemende sekelmaan
2029-01-12	25.829	🌘	Afnemende sekelmaan
2029-01-13	26.781	🌘	Afnemende sekelmaan
2029-01-14	27.715	🌑	Donkermaan
2029-01-15	 0.631	🌒	Groeiende sekelmaan
2029-01-16	 1.529	🌒	Groeiende sekelmaan
2029-01-17	 2.410	🌒	Groeiende sekelmaan
2029-01-18	 3.276	🌒	Groeiende sekelmaan
2029-01-19	 4.131	🌒	Groeiende sekelmaan
2029-01-20	 4.977	🌒	Groeiende sekelmaan
2029-01-21	 5.821	🌒	Groeiende sekelmaan
2029-01-22	 6.667	🌓	Eerste kwartier
2029-01-23	 7.522	🌔	Groeiende bolmaan
2029-01-24	 8.391	🌔	Groeiende bolmaan
2029-01-25	 9.282	🌔	Groeiende bolmaan
2029-01-26	10.199	🌔	Groeiende bolmaan
2029-01-27	11.146	🌔	Groeiende bolmaan
2029-01-28	12.125	🌔	Groeiende bolmaan
2029-01-29	13.135	🌔	Groeiende bolmaan
2029-01-30	14.171	🌕	Volmaan
2029-01-31	15.229	🌖	Afnemende bolmaan
2029-02-01	16.297	🌖	Afnemende bolmaan
2029-02-02	17.367	🌖	Afnemende bolmaan
2029-02-03	18.429	🌖	Afnemende bolmaan
2029-02-04	19.475	🌖	Afnemende bolmaan
2029-02-05	20.501	🌗	Laaste kwartier
2029-02-06	21.503	🌘	Afnemende sekelmaan
2029-02-07	22.483	🌘	Afnemende sekelmaan
2029-02-08	23.441	🌘	Afnemende sekelmaan
2029-02-09	24.380	🌘	Afnemende sekelmaan
2029-02-10	25.301	🌘	Afnemende sekelmaan
2029-02-11	26.208	🌘	Afnemende sekelmaan
2029-02-12	27.100	🌘	Afnemende sekelmaan
2029-02-13	27.980	🌑	Donkermaan
2029-02-14	 0.850	🌒	Groeiende sekelmaan
2029-02-15	 1.709	🌒	Groeiende sekelmaan
2029-02-16	 2.560	🌒	Groeiende sekelmaan
2029-02-17	 3.405	🌒	Groeiende sekelmaan
2029-02-18	 4.248	🌒	Groeiende sekelmaan
2029-02-19	 5.093	🌒	Groeiende sekelmaan
2029-02-20	 5.946	🌒	Groeiende sekelmaan
2029-02-21	 6.811	🌓	Eerste kwartier
2029-02-22	 7.696	🌔	Groeiende bolmaan
2029-02-23	 8.607	🌔	Groeiende bolmaan
2029-02-24	 9.549	🌔	Groeiende bolmaan
2029-02-25	10.527	🌔	Groeiende bolmaan
2029-02-26	11.542	🌔	Groeiende bolmaan
2029-02-27	12.593	🌔	Groeiende bolmaan
2029-02-28	13.673	🌕	Volmaan
2029-03-01	14.771	🌖	Afnemende bolmaan
2029-03-02	15.875	🌖	Afnemende bolmaan
2029-03-03	16.970	🌖	Afnemende bolmaan
2029-03-04	18.045	🌖	Afnemende bolmaan
2029-03-05	19.091	🌖	Afnemende bolmaan
2029-03-06	20.105	🌖	Afnemende bolmaan
2029-03-07	21.086	🌗	Laaste kwartier
2029-03-08	22.037	🌘	Afnemende sekelmaan
2029-03-09	22.962	🌘	Afnemende sekelmaan
2029-03-10	23.866	🌘	Afnemende sekelmaan
2029-03-11	24.753	🌘	Afnemende sekelmaan
2029-03-12	25.628	🌘	Afnemende sekelmaan
2029-03-13	26.492	🌘	Afnemende sekelmaan
2029-03-14	27.349	🌘	Afnemende sekelmaan
2029-03-15	 0.201	🌑	Donkermaan
2029-03-16	 1.048	🌒	Groeiende sekelmaan
2029-03-17	 1.893	🌒	Groeiende sekelmaan
2029-03-18	 2.738	🌒	Groeiende sekelmaan
2029-03-19	 3.586	🌒	Groeiende sekelmaan
2029-03-20	 4.440	🌒	Groeiende sekelmaan
2029-03-21	 5.306	🌒	Groeiende sekelmaan
2029-03-22	 6.188	🌒	Groeiende sekelmaan
2029-03-23	 7.093	🌓	Eerste kwartier
2029-03-24	 8.028	🌔	Groeiende bolmaan
2029-03-25	 8.997	🌔	Groeiende bolmaan
2029-03-26	10.004	🌔	Groeiende bolmaan
2029-03-27	11.049	🌔	Groeiende bolmaan
2029-03-28	12.129	🌔	Groeiende bolmaan
2029-03-29	13.234	🌔	Groeiende bolmaan
2029-03-30	14.352	🌕	Volmaan
2029-03-31	15.467	🌖	Afnemende bolmaan
2029-04-01	16.563	🌖	Afnemende bolmaan
2029-04-02	17.631	🌖	Afnemende bolmaan
2029-04-03	18.663	🌖	Afnemende bolmaan
2029-04-04	19.657	🌖	Afnemende bolmaan
2029-04-05	20.615	🌗	Laaste kwartier
2029-04-06	21.542	🌘	Afnemende sekelmaan
2029-04-07	22.443	🌘	Afnemende sekelmaan
2029-04-08	23.323	🌘	Afnemende sekelmaan
2029-04-09	24.189	🌘	Afnemende sekelmaan
2029-04-10	25.045	🌘	Afnemende sekelmaan
2029-04-11	25.895	🌘	Afnemende sekelmaan
2029-04-12	26.741	🌘	Afnemende sekelmaan
2029-04-13	27.588	🌑	Donkermaan
2029-04-14	 0.435	🌒	Groeiende sekelmaan
2029-04-15	 1.286	🌒	Groeiende sekelmaan
2029-04-16	 2.142	🌒	Groeiende sekelmaan
2029-04-17	 3.005	🌒	Groeiende sekelmaan
2029-04-18	 3.879	🌒	Groeiende sekelmaan
2029-04-19	 4.767	🌒	Groeiende sekelmaan
2029-04-20	 5.676	🌒	Groeiende sekelmaan
2029-04-21	 6.609	🌓	Eerste kwartier
2029-04-22	 7.572	🌔	Groeiende bolmaan
2029-04-23	 8.568	🌔	Groeiende bolmaan
2029-04-24	 9.599	🌔	Groeiende bolmaan
2029-04-25	10.663	🌔	Groeiende bolmaan
2029-04-26	11.754	🌔	Groeiende bolmaan
2029-04-27	12.861	🌔	Groeiende bolmaan
2029-04-28	13.971	🌕	Volmaan
2029-04-29	15.070	🌖	Afnemende bolmaan
2029-04-30	16.146	🌖	Afnemende bolmaan
2029-05-01	17.189	🌖	Afnemende bolmaan
2029-05-02	18.195	🌖	Afnemende bolmaan
2029-05-03	19.165	🌖	Afnemende bolmaan
2029-05-04	20.101	🌖	Afnemende bolmaan
2029-05-05	21.007	🌗	Laaste kwartier
2029-05-06	21.890	🌘	Afnemende sekelmaan
2029-05-07	22.756	🌘	Afnemende sekelmaan
2029-05-08	23.611	🌘	Afnemende sekelmaan
2029-05-09	24.459	🌘	Afnemende sekelmaan
2029-05-10	25.305	🌘	Afnemende sekelmaan
2029-05-11	26.154	🌘	Afnemende sekelmaan
2029-05-12	27.007	🌘	Afnemende sekelmaan
2029-05-13	27.866	🌑	Donkermaan
2029-05-14	 0.735	🌒	Groeiende sekelmaan
2029-05-15	 1.614	🌒	Groeiende sekelmaan
2029-05-16	 2.505	🌒	Groeiende sekelmaan
2029-05-17	 3.411	🌒	Groeiende sekelmaan
2029-05-18	 4.335	🌒	Groeiende sekelmaan
2029-05-19	 5.279	🌒	Groeiende sekelmaan
2029-05-20	 6.246	🌒	Groeiende sekelmaan
2029-05-21	 7.239	🌓	Eerste kwartier
2029-05-22	 8.259	🌔	Groeiende bolmaan
2029-05-23	 9.304	🌔	Groeiende bolmaan
2029-05-24	10.370	🌔	Groeiende bolmaan
2029-05-25	11.451	🌔	Groeiende bolmaan
2029-05-26	12.536	🌔	Groeiende bolmaan
2029-05-27	13.615	🌕	Volmaan
2029-05-28	14.678	🌖	Afnemende bolmaan
2029-05-29	15.716	🌖	Afnemende bolmaan
2029-05-30	16.723	🌖	Afnemende bolmaan
2029-05-31	17.698	🌖	Afnemende bolmaan
2029-06-01	18.640	🌖	Afnemende bolmaan
2029-06-02	19.554	🌖	Afnemende bolmaan
2029-06-03	20.443	🌖	Afnemende bolmaan
2029-06-04	21.313	🌗	Laaste kwartier
2029-06-05	22.170	🌘	Afnemende sekelmaan
2029-06-06	23.020	🌘	Afnemende sekelmaan
2029-06-07	23.869	🌘	Afnemende sekelmaan
2029-06-08	24.720	🌘	Afnemende sekelmaan
2029-06-09	25.579	🌘	Afnemende sekelmaan
2029-06-10	26.450	🌘	Afnemende sekelmaan
2029-06-11	27.333	🌘	Afnemende sekelmaan
2029-06-12	 0.232	🌑	Donkermaan
2029-06-13	 1.147	🌒	Groeiende sekelmaan
2029-06-14	 2.079	🌒	Groeiende sekelmaan
2029-06-15	 3.029	🌒	Groeiende sekelmaan
2029-06-16	 3.997	🌒	Groeiende sekelmaan
2029-06-17	 4.982	🌒	Groeiende sekelmaan
2029-06-18	 5.985	🌒	Groeiende sekelmaan
2029-06-19	 7.004	🌓	Eerste kwartier
2029-06-20	 8.037	🌔	Groeiende bolmaan
2029-06-21	 9.081	🌔	Groeiende bolmaan
2029-06-22	10.131	🌔	Groeiende bolmaan
2029-06-23	11.183	🌔	Groeiende bolmaan
2029-06-24	12.229	🌔	Groeiende bolmaan
2029-06-25	13.262	🌔	Groeiende bolmaan
2029-06-26	14.278	🌕	Volmaan
2029-06-27	15.271	🌖	Afnemende bolmaan
2029-06-28	16.237	🌖	Afnemende bolmaan
2029-06-29	17.178	🌖	Afnemende bolmaan
2029-06-30	18.092	🌖	Afnemende bolmaan
2029-07-01	18.984	🌖	Afnemende bolmaan
2029-07-02	19.857	🌖	Afnemende bolmaan
2029-07-03	20.717	🌗	Laaste kwartier
2029-07-04	21.568	🌘	Afnemende sekelmaan
2029-07-05	22.418	🌘	Afnemende sekelmaan
2029-07-06	23.272	🌘	Afnemende sekelmaan
2029-07-07	24.136	🌘	Afnemende sekelmaan
2029-07-08	25.014	🌘	Afnemende sekelmaan
2029-07-09	25.910	🌘	Afnemende sekelmaan
2029-07-10	26.827	🌘	Afnemende sekelmaan
2029-07-11	27.767	🌑	Donkermaan
2029-07-12	 0.729	🌒	Groeiende sekelmaan
2029-07-13	 1.712	🌒	Groeiende sekelmaan
2029-07-14	 2.713	🌒	Groeiende sekelmaan
2029-07-15	 3.728	🌒	Groeiende sekelmaan
2029-07-16	 4.753	🌒	Groeiende sekelmaan
2029-07-17	 5.784	🌒	Groeiende sekelmaan
2029-07-18	 6.817	🌓	Eerste kwartier
2029-07-19	 7.849	🌔	Groeiende bolmaan
2029-07-20	 8.876	🌔	Groeiende bolmaan
2029-07-21	 9.897	🌔	Groeiende bolmaan
2029-07-22	10.907	🌔	Groeiende bolmaan
2029-07-23	11.906	🌔	Groeiende bolmaan
2029-07-24	12.890	🌔	Groeiende bolmaan
2029-07-25	13.856	🌕	Volmaan
2029-07-26	14.804	🌖	Afnemende bolmaan
2029-07-27	15.731	🌖	Afnemende bolmaan
2029-07-28	16.638	🌖	Afnemende bolmaan
2029-07-29	17.526	🌖	Afnemende bolmaan
2029-07-30	18.397	🌖	Afnemende bolmaan
2029-07-31	19.255	🌖	Afnemende bolmaan
2029-08-01	20.106	🌖	Afnemende bolmaan
2029-08-02	20.955	🌗	Laaste kwartier
2029-08-03	21.808	🌘	Afnemende sekelmaan
2029-08-04	22.672	🌘	Afnemende sekelmaan
2029-08-05	23.552	🌘	Afnemende sekelmaan
2029-08-06	24.454	🌘	Afnemende sekelmaan
2029-08-07	25.383	🌘	Afnemende sekelmaan
2029-08-08	26.342	🌘	Afnemende sekelmaan
2029-08-09	27.329	🌘	Afnemende sekelmaan
2029-08-10	 0.343	🌑	Donkermaan
2029-08-11	 1.380	🌒	Groeiende sekelmaan
2029-08-12	 2.430	🌒	Groeiende sekelmaan
2029-08-13	 3.487	🌒	Groeiende sekelmaan
2029-08-14	 4.541	🌒	Groeiende sekelmaan
2029-08-15	 5.587	🌒	Groeiende sekelmaan
2029-08-16	 6.620	🌓	Eerste kwartier
2029-08-17	 7.636	🌔	Groeiende bolmaan
2029-08-18	 8.636	🌔	Groeiende bolmaan
2029-08-19	 9.620	🌔	Groeiende bolmaan
2029-08-20	10.587	🌔	Groeiende bolmaan
2029-08-21	11.539	🌔	Groeiende bolmaan
2029-08-22	12.477	🌔	Groeiende bolmaan
2029-08-23	13.399	🌔	Groeiende bolmaan
2029-08-24	14.306	🌕	Volmaan
2029-08-25	15.198	🌖	Afnemende bolmaan
2029-08-26	16.075	🌖	Afnemende bolmaan
2029-08-27	16.940	🌖	Afnemende bolmaan
2029-08-28	17.794	🌖	Afnemende bolmaan
2029-08-29	18.641	🌖	Afnemende bolmaan
2029-08-30	19.487	🌖	Afnemende bolmaan
2029-08-31	20.336	🌖	Afnemende bolmaan
2029-09-01	21.196	🌗	Laaste kwartier
2029-09-02	22.073	🌘	Afnemende sekelmaan
2029-09-03	22.974	🌘	Afnemende sekelmaan
2029-09-04	23.904	🌘	Afnemende sekelmaan
2029-09-05	24.869	🌘	Afnemende sekelmaan
2029-09-06	25.870	🌘	Afnemende sekelmaan
2029-09-07	26.904	🌘	Afnemende sekelmaan
2029-09-08	27.967	🌑	Donkermaan
2029-09-09	 1.048	🌒	Groeiende sekelmaan
2029-09-10	 2.137	🌒	Groeiende sekelmaan
2029-09-11	 3.220	🌒	Groeiende sekelmaan
2029-09-12	 4.289	🌒	Groeiende sekelmaan
2029-09-13	 5.335	🌒	Groeiende sekelmaan
2029-09-14	 6.355	🌒	Groeiende sekelmaan
2029-09-15	 7.349	🌓	Eerste kwartier
2029-09-16	 8.318	🌔	Groeiende bolmaan
2029-09-17	 9.266	🌔	Groeiende bolmaan
2029-09-18	10.194	🌔	Groeiende bolmaan
2029-09-19	11.106	🌔	Groeiende bolmaan
2029-09-20	12.004	🌔	Groeiende bolmaan
2029-09-21	12.890	🌔	Groeiende bolmaan
2029-09-22	13.765	🌕	Volmaan
2029-09-23	14.629	🌖	Afnemende bolmaan
2029-09-24	15.485	🌖	Afnemende bolmaan
2029-09-25	16.333	🌖	Afnemende bolmaan
2029-09-26	17.177	🌖	Afnemende bolmaan
2029-09-27	18.020	🌖	Afnemende bolmaan
2029-09-28	18.866	🌖	Afnemende bolmaan
2029-09-29	19.723	🌖	Afnemende bolmaan
2029-09-30	20.595	🌗	Laaste kwartier
2029-10-01	21.490	🌘	Afnemende sekelmaan
2029-10-02	22.414	🌘	Afnemende sekelmaan
2029-10-03	23.373	🌘	Afnemende sekelmaan
2029-10-04	24.371	🌘	Afnemende sekelmaan
2029-10-05	25.407	🌘	Afnemende sekelmaan
2029-10-06	26.477	🌘	Afnemende sekelmaan
2029-10-07	27.573	🌑	Donkermaan
2029-10-08	 0.682	🌒	Groeiende sekelmaan
2029-10-09	 1.789	🌒	Groeiende sekelmaan
2029-10-10	 2.881	🌒	Groeiende sekelmaan
2029-10-11	 3.948	🌒	Groeiende sekelmaan
2029-10-12	 4.983	🌒	Groeiende sekelmaan
2029-10-13	 5.984	🌒	Groeiende sekelmaan
2029-10-14	 6.954	🌓	Eerste kwartier
2029-10-15	 7.895	🌔	Groeiende bolmaan
2029-10-16	 8.812	🌔	Groeiende bolmaan
2029-10-17	 9.709	🌔	Groeiende bolmaan
2029-10-18	10.590	🌔	Groeiende bolmaan
2029-10-19	11.459	🌔	Groeiende bolmaan
2029-10-20	12.319	🌔	Groeiende bolmaan
2029-10-21	13.171	🌔	Groeiende bolmaan
2029-10-22	14.019	🌕	Volmaan
2029-10-23	14.863	🌖	Afnemende bolmaan
2029-10-24	15.706	🌖	Afnemende bolmaan
2029-10-25	16.550	🌖	Afnemende bolmaan
2029-10-26	17.399	🌖	Afnemende bolmaan
2029-10-27	18.257	🌖	Afnemende bolmaan
2029-10-28	19.129	🌖	Afnemende bolmaan
2029-10-29	20.022	🌖	Afnemende bolmaan
2029-10-30	20.940	🌗	Laaste kwartier
2029-10-31	21.889	🌘	Afnemende sekelmaan
2029-11-01	22.874	🌘	Afnemende sekelmaan
2029-11-02	23.896	🌘	Afnemende sekelmaan
2029-11-03	24.954	🌘	Afnemende sekelmaan
2029-11-04	26.041	🌘	Afnemende sekelmaan
2029-11-05	27.147	🌘	Afnemende sekelmaan
2029-11-06	 0.259	🌑	Donkermaan
2029-11-07	 1.361	🌒	Groeiende sekelmaan
2029-11-08	 2.443	🌒	Groeiende sekelmaan
2029-11-09	 3.494	🌒	Groeiende sekelmaan
2029-11-10	 4.511	🌒	Groeiende sekelmaan
2029-11-11	 5.492	🌒	Groeiende sekelmaan
2029-11-12	 6.439	🌒	Groeiende sekelmaan
2029-11-13	 7.356	🌓	Eerste kwartier
2029-11-14	 8.249	🌔	Groeiende bolmaan
2029-11-15	 9.123	🌔	Groeiende bolmaan
2029-11-16	 9.983	🌔	Groeiende bolmaan
2029-11-17	10.833	🌔	Groeiende bolmaan
2029-11-18	11.678	🌔	Groeiende bolmaan
2029-11-19	12.520	🌔	Groeiende bolmaan
2029-11-20	13.364	🌔	Groeiende bolmaan
2029-11-21	14.210	🌕	Volmaan
2029-11-22	15.061	🌖	Afnemende bolmaan
2029-11-23	15.921	🌖	Afnemende bolmaan
2029-11-24	16.791	🌖	Afnemende bolmaan
2029-11-25	17.674	🌖	Afnemende bolmaan
2029-11-26	18.575	🌖	Afnemende bolmaan
2029-11-27	19.496	🌖	Afnemende bolmaan
2029-11-28	20.443	🌖	Afnemende bolmaan
2029-11-29	21.418	🌗	Laaste kwartier
2029-11-30	22.422	🌘	Afnemende sekelmaan
2029-12-01	23.457	🌘	Afnemende sekelmaan
2029-12-02	24.517	🌘	Afnemende sekelmaan
2029-12-03	25.598	🌘	Afnemende sekelmaan
2029-12-04	26.689	🌘	Afnemende sekelmaan
2029-12-05	27.780	🌑	Donkermaan
2029-12-06	 0.858	🌒	Groeiende sekelmaan
2029-12-07	 1.913	🌒	Groeiende sekelmaan
2029-12-08	 2.939	🌒	Groeiende sekelmaan
2029-12-09	 3.931	🌒	Groeiende sekelmaan
2029-12-10	 4.889	🌒	Groeiende sekelmaan
2029-12-11	 5.815	🌒	Groeiende sekelmaan
2029-12-12	 6.712	🌓	Eerste kwartier
2029-12-13	 7.587	🌔	Groeiende bolmaan
2029-12-14	 8.445	🌔	Groeiende bolmaan
2029-12-15	 9.292	🌔	Groeiende bolmaan
2029-12-16	10.133	🌔	Groeiende bolmaan
2029-12-17	10.974	🌔	Groeiende bolmaan
2029-12-18	11.819	🌔	Groeiende bolmaan
2029-12-19	12.672	🌔	Groeiende bolmaan
2029-12-20	13.535	🌔	Groeiende bolmaan
2029-12-21	14.411	🌕	Volmaan
2029-12-22	15.302	🌖	Afnemende bolmaan
2029-12-23	16.208	🌖	Afnemende bolmaan
2029-12-24	17.131	🌖	Afnemende bolmaan
2029-12-25	18.072	🌖	Afnemende bolmaan
2029-12-26	19.031	🌖	Afnemende bolmaan
2029-12-27	20.010	🌖	Afnemende bolmaan
2029-12-28	21.007	🌗	Laaste kwartier
2029-12-29	22.024	🌘	Afnemende sekelmaan
2029-12-30	23.057	🌘	Afnemende sekelmaan
2029-12-31	24.104	🌘	Afnemende sekelmaan
2030-01-01	25.159	🌘	Afnemende sekelmaan
2030-01-02	26.217	🌘	Afnemende sekelmaan
2030-01-03	27.270	🌘	Afnemende sekelmaan
2030-01-04	 0.308	🌑	Donkermaan
2030-01-05	 1.326	🌒	Groeiende sekelmaan
2030-01-06	 2.317	🌒	Groeiende sekelmaan
2030-01-07	 3.279	🌒	Groeiende sekelmaan
2030-01-08	 4.211	🌒	Groeiende sekelmaan
2030-01-09	 5.114	🌒	Groeiende sekelmaan
2030-01-10	 5.994	🌒	Groeiende sekelmaan
2030-01-11	 6.854	🌓	Eerste kwartier
2030-01-12	 7.701	🌔	Groeiende bolmaan
2030-01-13	 8.542	🌔	Groeiende bolmaan
2030-01-14	 9.383	🌔	Groeiende bolmaan
2030-01-15	10.230	🌔	Groeiende bolmaan
2030-01-16	11.089	🌔	Groeiende bolmaan
2030-01-17	11.963	🌔	Groeiende bolmaan
2030-01-18	12.857	🌔	Groeiende bolmaan
2030-01-19	13.771	🌕	Volmaan
2030-01-20	14.707	🌖	Afnemende bolmaan
2030-01-21	15.663	🌖	Afnemende bolmaan
2030-01-22	16.637	🌖	Afnemende bolmaan
2030-01-23	17.625	🌖	Afnemende bolmaan
2030-01-24	18.626	🌖	Afnemende bolmaan
2030-01-25	19.635	🌖	Afnemende bolmaan
2030-01-26	20.650	🌗	Laaste kwartier
2030-01-27	21.670	🌘	Afnemende sekelmaan
2030-01-28	22.692	🌘	Afnemende sekelmaan
2030-01-29	23.715	🌘	Afnemende sekelmaan
2030-01-30	24.735	🌘	Afnemende sekelmaan
2030-01-31	25.751	🌘	Afnemende sekelmaan
2030-02-01	26.757	🌘	Afnemende sekelmaan
2030-02-02	27.749	🌑	Donkermaan
2030-02-03	 0.723	🌒	Groeiende sekelmaan
2030-02-04	 1.674	🌒	Groeiende sekelmaan
2030-02-05	 2.601	🌒	Groeiende sekelmaan
2030-02-06	 3.504	🌒	Groeiende sekelmaan
2030-02-07	 4.384	🌒	Groeiende sekelmaan
2030-02-08	 5.246	🌒	Groeiende sekelmaan
2030-02-09	 6.095	🌒	Groeiende sekelmaan
2030-02-10	 6.936	🌓	Eerste kwartier
2030-02-11	 7.777	🌔	Groeiende bolmaan
2030-02-12	 8.624	🌔	Groeiende bolmaan
2030-02-13	 9.485	🌔	Groeiende bolmaan
2030-02-14	10.365	🌔	Groeiende bolmaan
2030-02-15	11.270	🌔	Groeiende bolmaan
2030-02-16	12.203	🌔	Groeiende bolmaan
2030-02-17	13.164	🌔	Groeiende bolmaan
2030-02-18	14.152	🌕	Volmaan
2030-02-19	15.163	🌖	Afnemende bolmaan
2030-02-20	16.189	🌖	Afnemende bolmaan
2030-02-21	17.225	🌖	Afnemende bolmaan
2030-02-22	18.263	🌖	Afnemende bolmaan
2030-02-23	19.296	🌖	Afnemende bolmaan
2030-02-24	20.323	🌖	Afnemende bolmaan
2030-02-25	21.339	🌗	Laaste kwartier
2030-02-26	22.345	🌘	Afnemende sekelmaan
2030-02-27	23.340	🌘	Afnemende sekelmaan
2030-02-28	24.324	🌘	Afnemende sekelmaan
2030-03-01	25.297	🌘	Afnemende sekelmaan
2030-03-02	26.257	🌘	Afnemende sekelmaan
2030-03-03	27.202	🌘	Afnemende sekelmaan
2030-03-04	 0.131	🌑	Donkermaan
2030-03-05	 1.042	🌒	Groeiende sekelmaan
2030-03-06	 1.934	🌒	Groeiende sekelmaan
2030-03-07	 2.809	🌒	Groeiende sekelmaan
2030-03-08	 3.668	🌒	Groeiende sekelmaan
2030-03-09	 4.515	🌒	Groeiende sekelmaan
2030-03-10	 5.356	🌒	Groeiende sekelmaan
2030-03-11	 6.196	🌒	Groeiende sekelmaan
2030-03-12	 7.042	🌓	Eerste kwartier
2030-03-13	 7.903	🌔	Groeiende bolmaan
2030-03-14	 8.783	🌔	Groeiende bolmaan
2030-03-15	 9.691	🌔	Groeiende bolmaan
2030-03-16	10.631	🌔	Groeiende bolmaan
2030-03-17	11.605	🌔	Groeiende bolmaan
2030-03-18	12.613	🌔	Groeiende bolmaan
2030-03-19	13.651	🌕	Volmaan
2030-03-20	14.711	🌖	Afnemende bolmaan
2030-03-21	15.782	🌖	Afnemende bolmaan
2030-03-22	16.855	🌖	Afnemende bolmaan
2030-03-23	17.919	🌖	Afnemende bolmaan
2030-03-24	18.968	🌖	Afnemende bolmaan
2030-03-25	19.998	🌖	Afnemende bolmaan
2030-03-26	21.006	🌗	Laaste kwartier
2030-03-27	21.993	🌘	Afnemende sekelmaan
2030-03-28	22.961	🌘	Afnemende sekelmaan
2030-03-29	23.911	🌘	Afnemende sekelmaan
2030-03-30	24.845	🌘	Afnemende sekelmaan
2030-03-31	25.764	🌘	Afnemende sekelmaan
2030-04-01	26.668	🌘	Afnemende sekelmaan
2030-04-02	27.558	🌘	Afnemende sekelmaan
2030-04-03	 0.435	🌑	Donkermaan
2030-04-04	 1.298	🌒	Groeiende sekelmaan
2030-04-05	 2.151	🌒	Groeiende sekelmaan
2030-04-06	 2.995	🌒	Groeiende sekelmaan
2030-04-07	 3.835	🌒	Groeiende sekelmaan
2030-04-08	 4.675	🌒	Groeiende sekelmaan
2030-04-09	 5.522	🌒	Groeiende sekelmaan
2030-04-10	 6.381	🌒	Groeiende sekelmaan
2030-04-11	 7.260	🌓	Eerste kwartier
2030-04-12	 8.166	🌔	Groeiende bolmaan
2030-04-13	 9.104	🌔	Groeiende bolmaan
2030-04-14	10.078	🌔	Groeiende bolmaan
2030-04-15	11.089	🌔	Groeiende bolmaan
2030-04-16	12.136	🌔	Groeiende bolmaan
2030-04-17	13.211	🌔	Groeiende bolmaan
2030-04-18	14.305	🌕	Volmaan
2030-04-19	15.405	🌖	Afnemende bolmaan
2030-04-20	16.498	🌖	Afnemende bolmaan
2030-04-21	17.575	🌖	Afnemende bolmaan
2030-04-22	18.628	🌖	Afnemende bolmaan
2030-04-23	19.652	🌖	Afnemende bolmaan
2030-04-24	20.648	🌗	Laaste kwartier
2030-04-25	21.615	🌘	Afnemende sekelmaan
2030-04-26	22.558	🌘	Afnemende sekelmaan
2030-04-27	23.478	🌘	Afnemende sekelmaan
2030-04-28	24.380	🌘	Afnemende sekelmaan
2030-04-29	25.265	🌘	Afnemende sekelmaan
2030-04-30	26.137	🌘	Afnemende sekelmaan
2030-05-01	26.999	🌘	Afnemende sekelmaan
2030-05-02	27.851	🌑	Donkermaan
2030-05-03	 0.697	🌒	Groeiende sekelmaan
2030-05-04	 1.539	🌒	Groeiende sekelmaan
2030-05-05	 2.380	🌒	Groeiende sekelmaan
2030-05-06	 3.224	🌒	Groeiende sekelmaan
2030-05-07	 4.075	🌒	Groeiende sekelmaan
2030-05-08	 4.938	🌒	Groeiende sekelmaan
2030-05-09	 5.819	🌒	Groeiende sekelmaan
2030-05-10	 6.723	🌓	Eerste kwartier
2030-05-11	 7.657	🌔	Groeiende bolmaan
2030-05-12	 8.624	🌔	Groeiende bolmaan
2030-05-13	 9.627	🌔	Groeiende bolmaan
2030-05-14	10.666	🌔	Groeiende bolmaan
2030-05-15	11.736	🌔	Groeiende bolmaan
2030-05-16	12.831	🌔	Groeiende bolmaan
2030-05-17	13.939	🌕	Volmaan
2030-05-18	15.047	🌖	Afnemende bolmaan
2030-05-19	16.143	🌖	Afnemende bolmaan
2030-05-20	17.217	🌖	Afnemende bolmaan
2030-05-21	18.261	🌖	Afnemende bolmaan
2030-05-22	19.272	🌖	Afnemende bolmaan
2030-05-23	20.250	🌖	Afnemende bolmaan
2030-05-24	21.196	🌗	Laaste kwartier
2030-05-25	22.114	🌘	Afnemende sekelmaan
2030-05-26	23.009	🌘	Afnemende sekelmaan
2030-05-27	23.885	🌘	Afnemende sekelmaan
2030-05-28	24.746	🌘	Afnemende sekelmaan
2030-05-29	25.598	🌘	Afnemende sekelmaan
2030-05-30	26.443	🌘	Afnemende sekelmaan
2030-05-31	27.285	🌘	Afnemende sekelmaan
2030-06-01	 0.128	🌑	Donkermaan
2030-06-02	 0.974	🌒	Groeiende sekelmaan
2030-06-03	 1.826	🌒	Groeiende sekelmaan
2030-06-04	 2.687	🌒	Groeiende sekelmaan
2030-06-05	 3.561	🌒	Groeiende sekelmaan
2030-06-06	 4.451	🌒	Groeiende sekelmaan
2030-06-07	 5.362	🌒	Groeiende sekelmaan
2030-06-08	 6.297	🌒	Groeiende sekelmaan
2030-06-09	 7.259	🌓	Eerste kwartier
2030-06-10	 8.252	🌔	Groeiende bolmaan
2030-06-11	 9.276	🌔	Groeiende bolmaan
2030-06-12	10.328	🌔	Groeiende bolmaan
2030-06-13	11.406	🌔	Groeiende bolmaan
2030-06-14	12.500	🌔	Groeiende bolmaan
2030-06-15	13.602	🌕	Volmaan
2030-06-16	14.698	🌖	Afnemende bolmaan
2030-06-17	15.779	🌖	Afnemende bolmaan
2030-06-18	16.834	🌖	Afnemende bolmaan
2030-06-19	17.858	🌖	Afnemende bolmaan
2030-06-20	18.847	🌖	Afnemende bolmaan
2030-06-21	19.801	🌖	Afnemende bolmaan
2030-06-22	20.724	🌗	Laaste kwartier
2030-06-23	21.619	🌘	Afnemende sekelmaan
2030-06-24	22.492	🌘	Afnemende sekelmaan
2030-06-25	23.350	🌘	Afnemende sekelmaan
2030-06-26	24.197	🌘	Afnemende sekelmaan
2030-06-27	25.040	🌘	Afnemende sekelmaan
2030-06-28	25.882	🌘	Afnemende sekelmaan
2030-06-29	26.729	🌘	Afnemende sekelmaan
2030-06-30	27.584	🌑	Donkermaan
2030-07-01	 0.449	🌒	Groeiende sekelmaan
2030-07-02	 1.327	🌒	Groeiende sekelmaan
2030-07-03	 2.220	🌒	Groeiende sekelmaan
2030-07-04	 3.129	🌒	Groeiende sekelmaan
2030-07-05	 4.055	🌒	Groeiende sekelmaan
2030-07-06	 5.001	🌒	Groeiende sekelmaan
2030-07-07	 5.968	🌒	Groeiende sekelmaan
2030-07-08	 6.957	🌓	Eerste kwartier
2030-07-09	 7.968	🌔	Groeiende bolmaan
2030-07-10	 9.001	🌔	Groeiende bolmaan
2030-07-11	10.054	🌔	Groeiende bolmaan
2030-07-12	11.122	🌔	Groeiende bolmaan
2030-07-13	12.199	🌔	Groeiende bolmaan
2030-07-14	13.277	🌔	Groeiende bolmaan
2030-07-15	14.345	🌕	Volmaan
2030-07-16	15.395	🌖	Afnemende bolmaan
2030-07-17	16.418	🌖	Afnemende bolmaan
2030-07-18	17.410	🌖	Afnemende bolmaan
2030-07-19	18.369	🌖	Afnemende bolmaan
2030-07-20	19.295	🌖	Afnemende bolmaan
2030-07-21	20.193	🌖	Afnemende bolmaan
2030-07-22	21.067	🌗	Laaste kwartier
2030-07-23	21.924	🌘	Afnemende sekelmaan
2030-07-24	22.771	🌘	Afnemende sekelmaan
2030-07-25	23.614	🌘	Afnemende sekelmaan
2030-07-26	24.459	🌘	Afnemende sekelmaan
2030-07-27	25.312	🌘	Afnemende sekelmaan
2030-07-28	26.176	🌘	Afnemende sekelmaan
2030-07-29	27.057	🌘	Afnemende sekelmaan
2030-07-30	27.955	🌑	Donkermaan
2030-07-31	 0.871	🌒	Groeiende sekelmaan
2030-08-01	 1.806	🌒	Groeiende sekelmaan
2030-08-02	 2.759	🌒	Groeiende sekelmaan
2030-08-03	 3.727	🌒	Groeiende sekelmaan
2030-08-04	 4.710	🌒	Groeiende sekelmaan
2030-08-05	 5.706	🌒	Groeiende sekelmaan
2030-08-06	 6.715	🌓	Eerste kwartier
2030-08-07	 7.736	🌔	Groeiende bolmaan
2030-08-08	 8.768	🌔	Groeiende bolmaan
2030-08-09	 9.809	🌔	Groeiende bolmaan
2030-08-10	10.855	🌔	Groeiende bolmaan
2030-08-11	11.901	🌔	Groeiende bolmaan
2030-08-12	12.941	🌔	Groeiende bolmaan
2030-08-13	13.968	🌕	Volmaan
2030-08-14	14.975	🌖	Afnemende bolmaan
2030-08-15	15.956	🌖	Afnemende bolmaan
2030-08-16	16.909	🌖	Afnemende bolmaan
2030-08-17	17.833	🌖	Afnemende bolmaan
2030-08-18	18.730	🌖	Afnemende bolmaan
2030-08-19	19.604	🌖	Afnemende bolmaan
2030-08-20	20.461	🌖	Afnemende bolmaan
2030-08-21	21.307	🌗	Laaste kwartier
2030-08-22	22.150	🌘	Afnemende sekelmaan
2030-08-23	22.997	🌘	Afnemende sekelmaan
2030-08-24	23.854	🌘	Afnemende sekelmaan
2030-08-25	24.726	🌘	Afnemende sekelmaan
2030-08-26	25.619	🌘	Afnemende sekelmaan
2030-08-27	26.536	🌘	Afnemende sekelmaan
2030-08-28	27.476	🌘	Afnemende sekelmaan
2030-08-29	 0.439	🌑	Donkermaan
2030-08-30	 1.422	🌒	Groeiende sekelmaan
2030-08-31	 2.421	🌒	Groeiende sekelmaan
2030-09-01	 3.431	🌒	Groeiende sekelmaan
2030-09-02	 4.448	🌒	Groeiende sekelmaan
2030-09-03	 5.469	🌒	Groeiende sekelmaan
2030-09-04	 6.492	🌓	Eerste kwartier
2030-09-05	 7.514	🌔	Groeiende bolmaan
2030-09-06	 8.535	🌔	Groeiende bolmaan
2030-09-07	 9.554	🌔	Groeiende bolmaan
2030-09-08	10.568	🌔	Groeiende bolmaan
2030-09-09	11.574	🌔	Groeiende bolmaan
2030-09-10	12.568	🌔	Groeiende bolmaan
2030-09-11	13.546	🌕	Volmaan
2030-09-12	14.504	🌖	Afnemende bolmaan
2030-09-13	15.439	🌖	Afnemende bolmaan
2030-09-14	16.351	🌖	Afnemende bolmaan
2030-09-15	17.240	🌖	Afnemende bolmaan
2030-09-16	18.110	🌖	Afnemende bolmaan
2030-09-17	18.964	🌖	Afnemende bolmaan
2030-09-18	19.809	🌖	Afnemende bolmaan
2030-09-19	20.650	🌗	Laaste kwartier
2030-09-20	21.496	🌘	Afnemende sekelmaan
2030-09-21	22.353	🌘	Afnemende sekelmaan
2030-09-22	23.228	🌘	Afnemende sekelmaan
2030-09-23	24.126	🌘	Afnemende sekelmaan
2030-09-24	25.052	🌘	Afnemende sekelmaan
2030-09-25	26.008	🌘	Afnemende sekelmaan
2030-09-26	26.993	🌘	Afnemende sekelmaan
2030-09-27	 0.003	🌑	Donkermaan
2030-09-28	 1.034	🌒	Groeiende sekelmaan
2030-09-29	 2.077	🌒	Groeiende sekelmaan
2030-09-30	 3.125	🌒	Groeiende sekelmaan
2030-10-01	 4.171	🌒	Groeiende sekelmaan
2030-10-02	 5.210	🌒	Groeiende sekelmaan
2030-10-03	 6.239	🌒	Groeiende sekelmaan
2030-10-04	 7.255	🌓	Eerste kwartier
2030-10-05	 8.259	🌔	Groeiende bolmaan
2030-10-06	 9.249	🌔	Groeiende bolmaan
2030-10-07	10.225	🌔	Groeiende bolmaan
2030-10-08	11.186	🌔	Groeiende bolmaan
2030-10-09	12.131	🌔	Groeiende bolmaan
2030-10-10	13.060	🌔	Groeiende bolmaan
2030-10-11	13.970	🌕	Volmaan
2030-10-12	14.863	🌖	Afnemende bolmaan
2030-10-13	15.738	🌖	Afnemende bolmaan
2030-10-14	16.599	🌖	Afnemende bolmaan
2030-10-15	17.448	🌖	Afnemende bolmaan
2030-10-16	18.289	🌖	Afnemende bolmaan
2030-10-17	19.128	🌖	Afnemende bolmaan
2030-10-18	19.971	🌖	Afnemende bolmaan
2030-10-19	20.826	🌗	Laaste kwartier
2030-10-20	21.697	🌘	Afnemende sekelmaan
2030-10-21	22.593	🌘	Afnemende sekelmaan
2030-10-22	23.518	🌘	Afnemende sekelmaan
2030-10-23	24.475	🌘	Afnemende sekelmaan
2030-10-24	25.467	🌘	Afnemende sekelmaan
2030-10-25	26.492	🌘	Afnemende sekelmaan
2030-10-26	27.543	🌑	Donkermaan
2030-10-27	 0.613	🌒	Groeiende sekelmaan
2030-10-28	 1.692	🌒	Groeiende sekelmaan
2030-10-29	 2.770	🌒	Groeiende sekelmaan
2030-10-30	 3.837	🌒	Groeiende sekelmaan
2030-10-31	 4.887	🌒	Groeiende sekelmaan
2030-11-01	 5.915	🌒	Groeiende sekelmaan
2030-11-02	 6.920	🌓	Eerste kwartier
2030-11-03	 7.901	🌔	Groeiende bolmaan
2030-11-04	 8.859	🌔	Groeiende bolmaan
2030-11-05	 9.796	🌔	Groeiende bolmaan
2030-11-06	10.714	🌔	Groeiende bolmaan
2030-11-07	11.615	🌔	Groeiende bolmaan
2030-11-08	12.500	🌔	Groeiende bolmaan
2030-11-09	13.372	🌔	Groeiende bolmaan
2030-11-10	14.231	🌕	Volmaan
2030-11-11	15.081	🌖	Afnemende bolmaan
2030-11-12	15.924	🌖	Afnemende bolmaan
2030-11-13	16.762	🌖	Afnemende bolmaan
2030-11-14	17.601	🌖	Afnemende bolmaan
2030-11-15	18.444	🌖	Afnemende bolmaan
2030-11-16	19.297	🌖	Afnemende bolmaan
2030-11-17	20.165	🌖	Afnemende bolmaan
2030-11-18	21.055	🌗	Laaste kwartier
2030-11-19	21.971	🌘	Afnemende sekelmaan
2030-11-20	22.919	🌘	Afnemende sekelmaan
2030-11-21	23.902	🌘	Afnemende sekelmaan
2030-11-22	24.921	🌘	Afnemende sekelmaan
2030-11-23	25.973	🌘	Afnemende sekelmaan
2030-11-24	27.052	🌘	Afnemende sekelmaan
2030-11-25	 0.148	🌑	Donkermaan
2030-11-26	 1.249	🌒	Groeiende sekelmaan
2030-11-27	 2.344	🌒	Groeiende sekelmaan
2030-11-28	 3.421	🌒	Groeiende sekelmaan
2030-11-29	 4.472	🌒	Groeiende sekelmaan
2030-11-30	 5.493	🌒	Groeiende sekelmaan
2030-12-01	 6.480	🌒	Groeiende sekelmaan
2030-12-02	 7.436	🌓	Eerste kwartier
2030-12-03	 8.363	🌔	Groeiende bolmaan
2030-12-04	 9.266	🌔	Groeiende bolmaan
2030-12-05	10.148	🌔	Groeiende bolmaan
2030-12-06	11.015	🌔	Groeiende bolmaan
2030-12-07	11.869	🌔	Groeiende bolmaan
2030-12-08	12.715	🌔	Groeiende bolmaan
2030-12-09	13.556	🌔	Groeiende bolmaan
2030-12-10	14.395	🌕	Volmaan
2030-12-11	15.235	🌖	Afnemende bolmaan
2030-12-12	16.077	🌖	Afnemende bolmaan
2030-12-13	16.926	🌖	Afnemende bolmaan
2030-12-14	17.784	🌖	Afnemende bolmaan
2030-12-15	18.656	🌖	Afnemende bolmaan
2030-12-16	19.545	🌖	Afnemende bolmaan
2030-12-17	20.456	🌖	Afnemende bolmaan
2030-12-18	21.393	🌗	Laaste kwartier
2030-12-19	22.361	🌘	Afnemende sekelmaan
2030-12-20	23.361	🌘	Afnemende sekelmaan
2030-12-21	24.395	🌘	Afnemende sekelmaan
2030-12-22	25.459	🌘	Afnemende sekelmaan
2030-12-23	26.548	🌘	Afnemende sekelmaan
2030-12-24	27.652	🌑	Donkermaan
2030-12-25	 0.758	🌒	Groeiende sekelmaan
2030-12-26	 1.852	🌒	Groeiende sekelmaan
2030-12-27	 2.924	🌒	Groeiende sekelmaan
2030-12-28	 3.963	🌒	Groeiende sekelmaan
2030-12-29	 4.966	🌒	Groeiende sekelmaan
2030-12-30	 5.932	🌒	Groeiende sekelmaan
2030-12-31	 6.863	🌓	Eerste kwartier
2031-01-01	 7.763	🌔	Groeiende bolmaan
2031-01-02	 8.639	🌔	Groeiende bolmaan
2031-01-03	 9.497	🌔	Groeiende bolmaan
2031-01-04	10.342	🌔	Groeiende bolmaan
2031-01-05	11.181	🌔	Groeiende bolmaan
2031-01-06	12.018	🌔	Groeiende bolmaan
2031-01-07	12.857	🌔	Groeiende bolmaan
2031-01-08	13.701	🌕	Volmaan
2031-01-09	14.553	🌖	Afnemende bolmaan
2031-01-10	15.415	🌖	Afnemende bolmaan
2031-01-11	16.288	🌖	Afnemende bolmaan
2031-01-12	17.173	🌖	Afnemende bolmaan
2031-01-13	18.073	🌖	Afnemende bolmaan
2031-01-14	18.990	🌖	Afnemende bolmaan
2031-01-15	19.927	🌖	Afnemende bolmaan
2031-01-16	20.887	🌗	Laaste kwartier
2031-01-17	21.871	🌘	Afnemende sekelmaan
2031-01-18	22.883	🌘	Afnemende sekelmaan
2031-01-19	23.922	🌘	Afnemende sekelmaan
2031-01-20	24.986	🌘	Afnemende sekelmaan
2031-01-21	26.068	🌘	Afnemende sekelmaan
2031-01-22	27.159	🌘	Afnemende sekelmaan
2031-01-23	 0.247	🌑	Donkermaan
2031-01-24	 1.321	🌒	Groeiende sekelmaan
2031-01-25	 2.368	🌒	Groeiende sekelmaan
2031-01-26	 3.381	🌒	Groeiende sekelmaan
2031-01-27	 4.357	🌒	Groeiende sekelmaan
2031-01-28	 5.297	🌒	Groeiende sekelmaan
2031-01-29	 6.203	🌒	Groeiende sekelmaan
2031-01-30	 7.082	🌓	Eerste kwartier
2031-01-31	 7.940	🌔	Groeiende bolmaan
2031-02-01	 8.785	🌔	Groeiende bolmaan
2031-02-02	 9.622	🌔	Groeiende bolmaan
2031-02-03	10.460	🌔	Groeiende bolmaan
2031-02-04	11.302	🌔	Groeiende bolmaan
2031-02-05	12.154	🌔	Groeiende bolmaan
2031-02-06	13.019	🌔	Groeiende bolmaan
2031-02-07	13.897	🌕	Volmaan
2031-02-08	14.791	🌖	Afnemende bolmaan
2031-02-09	15.700	🌖	Afnemende bolmaan
2031-02-10	16.624	🌖	Afnemende bolmaan
2031-02-11	17.562	🌖	Afnemende bolmaan
2031-02-12	18.515	🌖	Afnemende bolmaan
2031-02-13	19.482	🌖	Afnemende bolmaan
2031-02-14	20.466	🌖	Afnemende bolmaan
2031-02-15	21.468	🌗	Laaste kwartier
2031-02-16	22.488	🌘	Afnemende sekelmaan
2031-02-17	23.524	🌘	Afnemende sekelmaan
2031-02-18	24.576	🌘	Afnemende sekelmaan
2031-02-19	25.635	🌘	Afnemende sekelmaan
2031-02-20	26.696	🌘	Afnemende sekelmaan
2031-02-21	27.747	🌑	Donkermaan
2031-02-22	 0.780	🌒	Groeiende sekelmaan
2031-02-23	 1.787	🌒	Groeiende sekelmaan
2031-02-24	 2.762	🌒	Groeiende sekelmaan
2031-02-25	 3.704	🌒	Groeiende sekelmaan
2031-02-26	 4.615	🌒	Groeiende sekelmaan
2031-02-27	 5.499	🌒	Groeiende sekelmaan
2031-02-28	 6.361	🌒	Groeiende sekelmaan
2031-03-01	 7.209	🌓	Eerste kwartier
2031-03-02	 8.050	🌔	Groeiende bolmaan
2031-03-03	 8.890	🌔	Groeiende bolmaan
2031-03-04	 9.737	🌔	Groeiende bolmaan
2031-03-05	10.596	🌔	Groeiende bolmaan
2031-03-06	11.471	🌔	Groeiende bolmaan
2031-03-07	12.366	🌔	Groeiende bolmaan
2031-03-08	13.281	🌔	Groeiende bolmaan
2031-03-09	14.216	🌕	Volmaan
2031-03-10	15.169	🌖	Afnemende bolmaan
2031-03-11	16.139	🌖	Afnemende bolmaan
2031-03-12	17.122	🌖	Afnemende bolmaan
2031-03-13	18.115	🌖	Afnemende bolmaan
2031-03-14	19.117	🌖	Afnemende bolmaan
2031-03-15	20.127	🌖	Afnemende bolmaan
2031-03-16	21.144	🌗	Laaste kwartier
2031-03-17	22.167	🌘	Afnemende sekelmaan
2031-03-18	23.195	🌘	Afnemende sekelmaan
2031-03-19	24.224	🌘	Afnemende sekelmaan
2031-03-20	25.249	🌘	Afnemende sekelmaan
2031-03-21	26.266	🌘	Afnemende sekelmaan
2031-03-22	27.268	🌘	Afnemende sekelmaan
2031-03-23	 0.250	🌑	Donkermaan
2031-03-24	 1.209	🌒	Groeiende sekelmaan
2031-03-25	 2.141	🌒	Groeiende sekelmaan
2031-03-26	 3.047	🌒	Groeiende sekelmaan
2031-03-27	 3.930	🌒	Groeiende sekelmaan
2031-03-28	 4.795	🌒	Groeiende sekelmaan
2031-03-29	 5.645	🌒	Groeiende sekelmaan
2031-03-30	 6.489	🌒	Groeiende sekelmaan
2031-03-31	 7.333	🌓	Eerste kwartier
2031-04-01	 8.182	🌔	Groeiende bolmaan
2031-04-02	 9.045	🌔	Groeiende bolmaan
2031-04-03	 9.926	🌔	Groeiende bolmaan
2031-04-04	10.830	🌔	Groeiende bolmaan
2031-04-05	11.760	🌔	Groeiende bolmaan
2031-04-06	12.715	🌔	Groeiende bolmaan
2031-04-07	13.695	🌕	Volmaan
2031-04-08	14.696	🌖	Afnemende bolmaan
2031-04-09	15.714	🌖	Afnemende bolmaan
2031-04-10	16.743	🌖	Afnemende bolmaan
2031-04-11	17.777	🌖	Afnemende bolmaan
2031-04-12	18.813	🌖	Afnemende bolmaan
2031-04-13	19.846	🌖	Afnemende bolmaan
2031-04-14	20.873	🌗	Laaste kwartier
2031-04-15	21.893	🌘	Afnemende sekelmaan
2031-04-16	22.902	🌘	Afnemende sekelmaan
2031-04-17	23.900	🌘	Afnemende sekelmaan
2031-04-18	24.884	🌘	Afnemende sekelmaan
2031-04-19	25.852	🌘	Afnemende sekelmaan
2031-04-20	26.802	🌘	Afnemende sekelmaan
2031-04-21	27.734	🌑	Donkermaan
2031-04-22	 0.645	🌒	Groeiende sekelmaan
2031-04-23	 1.538	🌒	Groeiende sekelmaan
2031-04-24	 2.413	🌒	Groeiende sekelmaan
2031-04-25	 3.274	🌒	Groeiende sekelmaan
2031-04-26	 4.125	🌒	Groeiende sekelmaan
2031-04-27	 4.970	🌒	Groeiende sekelmaan
2031-04-28	 5.815	🌒	Groeiende sekelmaan
2031-04-29	 6.666	🌓	Eerste kwartier
2031-04-30	 7.529	🌔	Groeiende bolmaan
2031-05-01	 8.411	🌔	Groeiende bolmaan
2031-05-02	 9.317	🌔	Groeiende bolmaan
2031-05-03	10.250	🌔	Groeiende bolmaan
2031-05-04	11.214	🌔	Groeiende bolmaan
2031-05-05	12.209	🌔	Groeiende bolmaan
2031-05-06	13.231	🌔	Groeiende bolmaan
2031-05-07	14.278	🌕	Volmaan
2031-05-08	15.340	🌖	Afnemende bolmaan
2031-05-09	16.411	🌖	Afnemende bolmaan
2031-05-10	17.481	🌖	Afnemende bolmaan
2031-05-11	18.542	🌖	Afnemende bolmaan
2031-05-12	19.588	🌖	Afnemende bolmaan
2031-05-13	20.615	🌗	Laaste kwartier
2031-05-14	21.621	🌘	Afnemende sekelmaan
2031-05-15	22.604	🌘	Afnemende sekelmaan
2031-05-16	23.566	🌘	Afnemende sekelmaan
2031-05-17	24.507	🌘	Afnemende sekelmaan
2031-05-18	25.429	🌘	Afnemende sekelmaan
2031-05-19	26.334	🌘	Afnemende sekelmaan
2031-05-20	27.223	🌘	Afnemende sekelmaan
2031-05-21	 0.098	🌑	Donkermaan
2031-05-22	 0.962	🌒	Groeiende sekelmaan
2031-05-23	 1.816	🌒	Groeiende sekelmaan
2031-05-24	 2.664	🌒	Groeiende sekelmaan
2031-05-25	 3.509	🌒	Groeiende sekelmaan
2031-05-26	 4.355	🌒	Groeiende sekelmaan
2031-05-27	 5.207	🌒	Groeiende sekelmaan
2031-05-28	 6.070	🌒	Groeiende sekelmaan
2031-05-29	 6.950	🌓	Eerste kwartier
2031-05-30	 7.853	🌔	Groeiende bolmaan
2031-05-31	 8.782	🌔	Groeiende bolmaan
2031-06-01	 9.743	🌔	Groeiende bolmaan
2031-06-02	10.738	🌔	Groeiende bolmaan
2031-06-03	11.767	🌔	Groeiende bolmaan
2031-06-04	12.827	🌔	Groeiende bolmaan
2031-06-05	13.910	🌕	Volmaan
2031-06-06	15.007	🌖	Afnemende bolmaan
2031-06-07	16.107	🌖	Afnemende bolmaan
2031-06-08	17.198	🌖	Afnemende bolmaan
2031-06-09	18.269	🌖	Afnemende bolmaan
2031-06-10	19.314	🌖	Afnemende bolmaan
2031-06-11	20.327	🌖	Afnemende bolmaan
2031-06-12	21.310	🌗	Laaste kwartier
2031-06-13	22.262	🌘	Afnemende sekelmaan
2031-06-14	23.188	🌘	Afnemende sekelmaan
2031-06-15	24.092	🌘	Afnemende sekelmaan
2031-06-16	24.977	🌘	Afnemende sekelmaan
2031-06-17	25.848	🌘	Afnemende sekelmaan
2031-06-18	26.708	🌘	Afnemende sekelmaan
2031-06-19	27.561	🌘	Afnemende sekelmaan
2031-06-20	 0.409	🌑	Donkermaan
2031-06-21	 1.255	🌒	Groeiende sekelmaan
2031-06-22	 2.101	🌒	Groeiende sekelmaan
2031-06-23	 2.950	🌒	Groeiende sekelmaan
2031-06-24	 3.806	🌒	Groeiende sekelmaan
2031-06-25	 4.672	🌒	Groeiende sekelmaan
2031-06-26	 5.552	🌒	Groeiende sekelmaan
2031-06-27	 6.452	🌒	Groeiende sekelmaan
2031-06-28	 7.376	🌓	Eerste kwartier
2031-06-29	 8.329	🌔	Groeiende bolmaan
2031-06-30	 9.315	🌔	Groeiende bolmaan
2031-07-01	10.335	🌔	Groeiende bolmaan
2031-07-02	11.391	🌔	Groeiende bolmaan
2031-07-03	12.475	🌔	Groeiende bolmaan
2031-07-04	13.581	🌕	Volmaan
2031-07-05	14.696	🌖	Afnemende bolmaan
2031-07-06	15.805	🌖	Afnemende bolmaan
2031-07-07	16.896	🌖	Afnemende bolmaan
2031-07-08	17.958	🌖	Afnemende bolmaan
2031-07-09	18.985	🌖	Afnemende bolmaan
2031-07-10	19.975	🌖	Afnemende bolmaan
2031-07-11	20.928	🌗	Laaste kwartier
2031-07-12	21.850	🌘	Afnemende sekelmaan
2031-07-13	22.745	🌘	Afnemende sekelmaan
2031-07-14	23.620	🌘	Afnemende sekelmaan
2031-07-15	24.481	🌘	Afnemende sekelmaan
2031-07-16	25.332	🌘	Afnemende sekelmaan
2031-07-17	26.178	🌘	Afnemende sekelmaan
2031-07-18	27.023	🌘	Afnemende sekelmaan
2031-07-19	27.870	🌑	Donkermaan
2031-07-20	 0.720	🌒	Groeiende sekelmaan
2031-07-21	 1.577	🌒	Groeiende sekelmaan
2031-07-22	 2.441	🌒	Groeiende sekelmaan
2031-07-23	 3.316	🌒	Groeiende sekelmaan
2031-07-24	 4.203	🌒	Groeiende sekelmaan
2031-07-25	 5.106	🌒	Groeiende sekelmaan
2031-07-26	 6.029	🌒	Groeiende sekelmaan
2031-07-27	 6.976	🌓	Eerste kwartier
2031-07-28	 7.952	🌔	Groeiende bolmaan
2031-07-29	 8.960	🌔	Groeiende bolmaan
2031-07-30	 9.999	🌔	Groeiende bolmaan
2031-07-31	11.069	🌔	Groeiende bolmaan
2031-08-01	12.163	🌔	Groeiende bolmaan
2031-08-02	13.271	🌔	Groeiende bolmaan
2031-08-03	14.379	🌕	Volmaan
2031-08-04	15.475	🌖	Afnemende bolmaan
2031-08-05	16.544	🌖	Afnemende bolmaan
2031-08-06	17.579	🌖	Afnemende bolmaan
2031-08-07	18.576	🌖	Afnemende bolmaan
2031-08-08	19.535	🌖	Afnemende bolmaan
2031-08-09	20.460	🌖	Afnemende bolmaan
2031-08-10	21.355	🌗	Laaste kwartier
2031-08-11	22.228	🌘	Afnemende sekelmaan
2031-08-12	23.085	🌘	Afnemende sekelmaan
2031-08-13	23.933	🌘	Afnemende sekelmaan
2031-08-14	24.777	🌘	Afnemende sekelmaan
2031-08-15	25.622	🌘	Afnemende sekelmaan
2031-08-16	26.473	🌘	Afnemende sekelmaan
2031-08-17	27.331	🌘	Afnemende sekelmaan
2031-08-18	 0.198	🌑	Donkermaan
2031-08-19	 1.076	🌒	Groeiende sekelmaan
2031-08-20	 1.966	🌒	Groeiende sekelmaan
2031-08-21	 2.868	🌒	Groeiende sekelmaan
2031-08-22	 3.785	🌒	Groeiende sekelmaan
2031-08-23	 4.717	🌒	Groeiende sekelmaan
2031-08-24	 5.669	🌒	Groeiende sekelmaan
2031-08-25	 6.643	🌓	Eerste kwartier
2031-08-26	 7.640	🌔	Groeiende bolmaan
2031-08-27	 8.663	🌔	Groeiende bolmaan
2031-08-28	 9.712	🌔	Groeiende bolmaan
2031-08-29	10.781	🌔	Groeiende bolmaan
2031-08-30	11.864	🌔	Groeiende bolmaan
2031-08-31	12.951	🌔	Groeiende bolmaan
2031-09-01	14.029	🌕	Volmaan
2031-09-02	15.088	🌖	Afnemende bolmaan
2031-09-03	16.118	🌖	Afnemende bolmaan
2031-09-04	17.115	🌖	Afnemende bolmaan
2031-09-05	18.075	🌖	Afnemende bolmaan
2031-09-06	19.003	🌖	Afnemende bolmaan
2031-09-07	19.901	🌖	Afnemende bolmaan
2031-09-08	20.775	🌗	Laaste kwartier
2031-09-09	21.633	🌘	Afnemende sekelmaan
2031-09-10	22.482	🌘	Afnemende sekelmaan
2031-09-11	23.327	🌘	Afnemende sekelmaan
2031-09-12	24.174	🌘	Afnemende sekelmaan
2031-09-13	25.029	🌘	Afnemende sekelmaan
2031-09-14	25.895	🌘	Afnemende sekelmaan
2031-09-15	26.774	🌘	Afnemende sekelmaan
2031-09-16	27.669	🌑	Donkermaan
2031-09-17	 0.578	🌒	Groeiende sekelmaan
2031-09-18	 1.504	🌒	Groeiende sekelmaan
2031-09-19	 2.444	🌒	Groeiende sekelmaan
2031-09-20	 3.398	🌒	Groeiende sekelmaan
2031-09-21	 4.368	🌒	Groeiende sekelmaan
2031-09-22	 5.352	🌒	Groeiende sekelmaan
2031-09-23	 6.353	🌒	Groeiende sekelmaan
2031-09-24	 7.368	🌓	Eerste kwartier
2031-09-25	 8.399	🌔	Groeiende bolmaan
2031-09-26	 9.442	🌔	Groeiende bolmaan
2031-09-27	10.493	🌔	Groeiende bolmaan
2031-09-28	11.545	🌔	Groeiende bolmaan
2031-09-29	12.590	🌔	Groeiende bolmaan
2031-09-30	13.620	🌕	Volmaan
2031-10-01	14.629	🌖	Afnemende bolmaan
2031-10-02	15.611	🌖	Afnemende bolmaan
2031-10-03	16.563	🌖	Afnemende bolmaan
2031-10-04	17.487	🌖	Afnemende bolmaan
2031-10-05	18.385	🌖	Afnemende bolmaan
2031-10-06	19.261	🌖	Afnemende bolmaan
2031-10-07	20.121	🌖	Afnemende bolmaan
2031-10-08	20.970	🌗	Laaste kwartier
2031-10-09	21.816	🌘	Afnemende sekelmaan
2031-10-10	22.664	🌘	Afnemende sekelmaan
2031-10-11	23.521	🌘	Afnemende sekelmaan
2031-10-12	24.391	🌘	Afnemende sekelmaan
2031-10-13	25.279	🌘	Afnemende sekelmaan
2031-10-14	26.187	🌘	Afnemende sekelmaan
2031-10-15	27.116	🌘	Afnemende sekelmaan
2031-10-16	 0.066	🌑	Donkermaan
2031-10-17	 1.035	🌒	Groeiende sekelmaan
2031-10-18	 2.021	🌒	Groeiende sekelmaan
2031-10-19	 3.021	🌒	Groeiende sekelmaan
2031-10-20	 4.032	🌒	Groeiende sekelmaan
2031-10-21	 5.051	🌒	Groeiende sekelmaan
2031-10-22	 6.075	🌒	Groeiende sekelmaan
